,DUKE-00650,DUKE-00651,DUKE-00652,DUKE-00653,DUKE-00654,DUKE-00655,DUKE-00656,DUKE-00657,DUKE-00658,DUKE-00659,DUKE-00660,DUKE-00661,DUKE-00662,DUKE-00663,DUKE-00664,DUKE-00665,DUKE-00666,DUKE-00667,DUKE-00668,DUKE-00669,DUKE-00670,DUKE-00671,DUKE-00672,DUKE-00673,DUKE-00674,DUKE-00675,DUKE-00676,DUKE-00677,DUKE-00678,DUKE-00679
"1,2-propanediol",672625.8,7673162.5,53094088,5382620,3224095,2714117.3,4075098,1229140.6,42260740,1774745.9,1222551.4,718982,9951172,8651870,1059708.9,2616459.5,4828105.5,7097220,1913781.4,24336360,5588820,3950429,1864388.6,18046430,12592842,2366107.5,1635620.1,12741253,7576789,1797112.3
"1,5-anhydroglucitol (1,5-AG)",983983.8,2456186,1760058.1,1917124.5,2601001.3,1691311.9,2913614,1700301.8,1361380.4,1442298,3646785,805936.6,266922.6,2642643.5,2127151.8,939086.4,2287590.3,769570.9,1447991.5,1348134.3,2164856.8,607239.5,1419089.1,232002,1471448.9,1745039.4,1552802,1720047.8,2797228.3,2515409.8
1-arachidonoyl-GPC (20:4n6)*,226209.1,743926.7,82612.9,159825.6,134750.3,192243.7,1076928.6,347274.8,161277.5,220352.1,163835.5,325238.8,372714.4,759792.3,308097.2,485509,273650.5,152558.1,75800.4,129616.1,282261.8,198979.9,561605.3,346024.9,188980.7,197101.1,276861,351784.8,,413753.7
1-arachidonoyl-GPE (20:4n6)*,155043.5,68664.5,286134.8,69171.1,133502.5,35814,37799,41394.6,122091.6,57930.1,65005,35691.4,38023.4,50997.6,46488.4,81754.2,109297.7,26829.8,74813.4,52969.1,69834,152154.4,72901.7,59088.9,135872.3,96277.1,124386.9,47226.4,46057.5,58585.5
1-arachidonoyl-GPI (20:4)*,162163.9,76247.1,263629.7,129020.1,97320.3,27457.9,37996.8,32710.1,77112.9,37991.8,80935.4,38667.5,33518.2,31632,41663,342824.8,191872,83752.7,71643.5,53340.5,32306.9,204426.4,92683.8,80478.6,149437.9,175346.3,173033.4,71637.8,79442.6,84626.9
1-eicosatrienoylglycerophosphocholine (20:3)*,202022.1,412101.2,37537.4,96956.8,77138.8,117131,474070.4,111390.3,160250.2,173396.5,94175.6,161192.5,110052.6,469380.1,80641.3,358464,70412.5,150212,122970.3,134960.3,575739.6,106208.9,312185.1,392027.8,205501.5,,215999.5,162663.5,48468.2,118028.3
1-margaroylglycerophosphocholine (17:0),38941.2,140110.9,,73405.1,,58401.1,104110.9,,44152.2,,,196901.6,84227.9,95307.3,49551.8,57696.2,,186559.5,35677.3,25939.2,265984.4,,92648.9,68103.9,49699.5,,28779.4,61413,,80512.3
1-linoleoylglycerol (18:2),211671.3,60957.9,252683.8,111591.8,77049.6,51663,9234.3,40666.7,97502.3,25202.4,81535.4,32187.7,62739.6,35534.1,46218.9,51456.4,141146.9,40553.2,16638,31621.5,18143.3,34877.5,38539.7,61342,278289.8,129362.5,36698.2,42916.3,71589.4,24077.3
1-linoleoyl-GPC (18:2),648330.6,1553622.3,67632,388900.9,597380.1,545932.7,3554095.8,1465135.5,572604.9,366025.4,507240.8,1263825.4,814170.1,3422730,1276048.5,901763.4,285647.6,722627.2,319226.8,289862,1406909.4,193078.8,1844879.3,450317.9,170703,243356,367197.2,936343.8,73674.7,1515740
1-linoleoylglycerophosphoethanolamine*,258899.5,52131.6,70904.9,74842.2,222732.6,13657.9,34691.8,55002.8,150658.3,25317.7,63195.5,52059.7,38008.9,52346.1,45779.9,25966.1,23531,41793.7,79862,27463.2,31054,60799.7,58291.2,16921.1,85546.7,59234,98609.2,69198.6,14919.9,74011.6
1-myristoylglycerophosphocholine,317071.7,1126873.3,,98321.5,136057.2,159920.3,162047.5,67067.7,63483.3,36736.4,88549,257574.2,61046.2,228358.2,64946.6,138127,86023.3,157336.4,378109.5,115116.5,61812,194717.2,548243.4,283750.6,276612.6,38095.1,195152.6,419042.7,,60568.1
1-octadecanol,102716,104754,956314.1,192132,350205.5,50152,221633.5,407212.5,121337,190944.6,294678,876776.4,83968,158764.7,159176.6,996865.8,328473.8,720627.5,381454.3,309015.4,158240,346953.9,501071.6,659083,267675,519563.1,146120,153095,175184,105220.8
1-oleoylglycerol (1-monoolein),140329.9,65259,82562,90858.8,41920,23195,6013,26476,37726,14379,41178,51529.4,,48078,15598,,134113.5,45262,47439.6,36296,,69148.2,29043,52146,778881.3,71923,44129,33809,128067.6,7927
1-oleoylglycerophosphocholine,1625883.5,6199710,129519.3,1655797.9,819805.1,829397.1,2984825.5,1605201,1503118.8,768835.8,410210.7,1752011.5,1305687.6,2929554.8,1280458.4,2038963.6,663804.6,1684285.4,2438062.3,772341.1,2728103.8,637137.9,4780392.5,1746119.9,1835975.6,475692.7,2022974.9,2494249.3,269690.4,2035693.8
1-oleoyl-GPE (18:1),435063.7,478865.2,456578.5,361788,583698.6,44496.3,37115.3,109521.9,589944.3,48779,129846.4,201518.2,69305.9,45212.8,94357.7,169201.4,171541.5,286247.9,1097699.1,175155.8,76079.9,246072.6,508090.6,91226.8,924452.5,129988.7,525206.2,299255,148561.4,367772.8
1-palmitoleoyl-GPC (16:1)*,499509.5,1102580.1,,158664.9,134648,122429.7,267041.2,170772.7,88416.9,125184.3,140236,424640.3,151198,361580.2,135963.2,248278.1,227212.9,242617,399217.4,84977,167948.5,157652.8,1028277.3,337814.7,449191.9,58993.5,788071.9,454292.1,46472.7,169011.4
1-palmitoylglycerol (1-monopalmitin),220040,267035.1,270809,259372.6,86033,31887,31518,,113499.5,68567.1,174540,133208,66751,179697,58036.7,206454.1,384412.9,111257,204640.5,128043,29665,188835,153444,264454,630682.9,237937,123959,157102.1,154565.9,18079
1-palmitoyl-GPC (16:0),2045972.9,7677206.5,216963,2775108.5,1099873.3,1952066.3,7164989,2681663.3,2331513.8,1929144,753464.3,5848757,3323181.3,7638811,2038244.5,4424733.5,869045.2,2585749.5,4384411.5,1489810,4894676,1613625.6,8556813,5277637.5,2382740.3,778161.1,3693166.8,5466376,636913,2594909.8
1-palmitoyl-GPE (16:0),158510.9,235856.5,380002.3,128715.1,203739.8,15203.6,20048.6,69166.5,179106.2,24974.1,71119.7,157313.3,42098.4,26077.1,30426.1,65814.4,50555.2,96189.8,390356.5,61774.6,41032.3,196747.3,333842.6,76612.1,114820.5,74760.1,482376.8,419970,73591,95262.1
1-palmitoyl-GPI (16:0),72518.1,28322.2,171949.4,39696.6,42876.8,7270.5,7932.5,20446.6,54502.4,8732.7,49969.2,26500.6,22777.1,7842.4,9258.3,27735.7,32083.2,17598.2,121843.1,28110.3,57249.6,106946.1,78890,31761.2,58542.7,24210.2,99515,42992.5,17482.4,17384.8
1-(1-enyl-palmitoyl)-GPE (P-16:0)*,197978,271897.2,634015.4,440804.3,208885.2,86107,69806.2,82800.3,158472.3,71601.5,323915.9,262017.1,131710.1,39731.4,49797.9,420379.3,182061.6,235238.3,1500606.5,173744.8,310499.3,279044,774607.9,356746.6,470424.8,262964.3,623450.4,592083.9,159208.1,285751.4
1-stearoylglycerol (18:0),79153,91472.9,183769.7,76757,91543,,31367,54256,52041,57553.6,42762,93683,62378,120585.3,40670,97916.7,99635.4,72831.8,74503,93913.9,40429,114884.3,116822.6,134843.1,143934.8,137008.9,52210.5,82078,64838.2,32896
1-stearoyl-GPC (18:0),757439.7,7322597.5,152915.6,1871200.3,455434.3,1135797.9,3433083.3,2822783.8,1941671,1101922.1,226862.7,4555012.5,2143646.5,3219590.5,1607744.4,2941742.5,625276.4,2872626,1869507.5,1252635.6,10409021,617561.9,4680582,1953784.4,1265768.4,768331.3,1569962.8,2205412.5,323337.4,2127742
1-stearoylglycerophosphoethanolamine,234782.9,587073.4,1116493.1,322071.3,300102.7,59421.1,51660.6,189175.3,894542.8,71305.8,183828.2,307800.7,120649.8,48741.6,72797.3,190476.2,211125.5,414832.5,1236747.5,161712.6,251235.1,274432.2,648379.3,208716.2,375514.7,288501,504270.5,327237.9,184875,503243.3
1-stearoyl-GPI (18:0),261935.9,212910.6,637528.4,147304.1,155336.4,41245.7,26389.5,54781.9,209475.9,40925.4,256317.8,93942.2,99883.8,20660.7,63651.8,144156.5,224633.3,113177.9,486186.1,160850.3,190395,379491.9,368854.4,136516.4,282617.3,239772.7,285341.5,258590.4,156257.8,119701.8
10-heptadecenoate (17:1n7),1433351.5,277283.6,404788.2,341316.7,482680.1,554493.7,151374.2,118351.6,282628.2,281962.3,255664.9,196109,242773.3,227203.8,186226,318076.5,365210.9,353964.2,336316.2,188892.2,121541.2,153932.6,360442,215286.6,1300579.1,345296,158351.5,214743.8,469782.1,212006.7
10-nonadecenoate (19:1n9),651835.2,346957.7,413198,642795.6,706979.5,256682.4,71991.5,99492.9,313838.6,137929.6,145954.9,161957.2,136888.6,84988.6,137257.3,153604,314986.5,467041.3,280632.8,167937.5,155628,85189.5,276631.4,115580.3,1536817.9,225255.9,108384.9,193664.8,226971,159332.5
13-HODE + 9-HODE,76604.8,42280.9,89191.3,62718.1,68478.3,76712.1,10531.4,46205.6,85723.5,29544.9,24107.3,31705.5,31653.2,55157.2,186955,165321.7,25871.1,23247.6,58396.8,47437.2,14619.7,22380.9,60011.7,23829.3,42790,103858,21830.8,33142.7,43656.5,21722.7
13-methylmyristic acid,501712.1,309663.1,561251.8,250834.4,345341.3,412622.1,455152.3,326517.9,404911.9,395836.5,329484,354755.2,361422.4,426975.6,342449.8,465496.7,355747.3,281484,327900,363832.5,273304.2,310620.2,371648.1,344009.5,344384,361912.1,298468.7,329493,266864.4,364457.2
methyl palmitate (15 or 2),923574.7,318224.3,849761.3,260364.6,368374.6,422880.8,316146.7,295956.5,285052.4,321103.2,372229.9,367596.7,300976.7,301993.2,313891.9,350185.5,320004.9,230061.9,554050.9,318633.6,287170.6,265086.6,441858.5,456902.8,463879.8,339223.3,547010.3,272720.7,551705.9,321215.9
2'-deoxyguanosine,,,2962.7,,2197.5,,,,,,5704.9,,,,,,5647.2,2037.4,,,2770.8,2540.8,2465,3280.7,4790.8,10931.8,5056.3,,5252.2,
2'-deoxyinosine,6282.4,5266.9,7843.9,4347.5,8200.9,,,,1693.6,,19988.6,2444.7,,,,,23777.3,5192,7094.9,1883.3,7656.4,5955.6,6852,7763,19843.8,22399.3,11167.9,4027.8,13002.5,3418.9
2-aminoadipate,164860.1,182949.6,291157.4,150178.7,156096.4,32107.2,61428.3,199828,156496.4,76366.3,98373.9,52968.5,174079.4,56199.9,55040.4,93489,151357.3,77463,104501.1,199770.3,86318,106987.1,209047.5,84522,93363.2,88797.9,155740.1,124164.5,172595.6,123753.8
2-aminobutyrate,3283791,2119751.3,4910685.5,3072323,2836007,523960,572078,659784.4,2400771.8,925577.5,2735928.8,802345.4,1594949.8,559829.4,1085376.5,871114.2,4905812.5,1923588.4,4212484,3981363,3768213.5,2280910.3,1428572.9,1618840.8,6267103,4366907.5,4355764,3674536.5,3755886.5,1421587.9
2-arachidonoylglycerophosphocholine*,197761.1,620190.9,62218.5,111014.3,199292.5,622842.6,112306.3,102555.8,143852.2,67724,172310.4,143657.8,262969.7,80478.7,119563.4,437292.9,388752.4,115482.6,101301.6,202282,219379.9,179997.5,559612.4,1038090.3,99373.4,181852.1,212722.2,469469.5,,139469.2
2-arachidonoylglycerophosphoethanolamine*,48536.5,28675.5,117038.2,46580.9,48195.3,17216.3,10215.7,15861.4,33962.1,20486.4,54423,15321.8,21995.4,10835,17586.1,30914.7,45640.1,16068.3,55809.6,30020,53535.6,101789.5,30732.2,41343.8,65327.8,44750.3,59273.4,25628.4,29325.7,19469.3
2-arachidonoylglycerophosphoinositol*,19856,13516.4,39912.8,19993.2,14475.2,,3733.4,,7608.3,3454.3,20605.4,5654.9,5284.3,,,31960.8,32220.1,11329.5,24865.4,7578.1,,71171.3,16088.8,20907.6,23630.9,38457.4,32091.1,9076.9,14670.1,10568.8
2-docosahexaenoylglycerophosphoethanolamine*,144118.7,80835,33945,,171591.3,424468.7,,82647.6,113676,77724.3,61883.2,44677.1,110201.6,74724.8,73756.6,140346.9,122540.9,,112611,123078.9,138167.1,103601.4,256309.1,219092.2,43234.7,135416.7,77243.8,324091.2,,144229.3
2-ethylhexanoate,72489,184169,133953,116504,168665,143931,1756270.6,927037.6,94206,877488.2,115783,1036985,132461,701633,306460,672388.9,158142,426273,98255,181890,127641,111553,164654,288803,114471,197162,160431,94957,122603,169440
2-hydroxyacetaminophen sulfate*,10636.4,,,,,,,,,,,66310,12408.4,,1747.4,,,,,,,,5793.1,,,6096.5,,,,4268.8
2-hydroxybutyrate (AHB),2651778.8,1653578.6,1229760.5,898309.8,946564.4,899204.5,704407.1,342373.5,1354496.4,1649915.1,1951744.3,488771.3,1435726,881031.9,1248315.5,504766.9,1778615.1,536689.9,804059.8,2334212.8,962149.8,725680.8,168136.7,1417355.9,2110518.5,1164400.1,1717733.8,1157844.9,1314561.5,794938.2
2-hydroxyglutarate,139198.4,106272.6,262990.6,1234617.8,730954,13842,3337.4,18673,91833.5,15223,2398637.3,41153.3,1145239.3,8446,44546.9,22746,562131,1693099,251050.1,87779.3,82763,655576.5,121402.2,2646129.3,25085010,204096.2,148003.2,48895.7,462891.8,46558.6
2-hydroxyhippurate (salicylurate),,,,5044.3,,,,13277.1,,,,,4001.7,,7755.4,,,,,,,,,5723.1,,,,,,
2-hydroxypalmitate,512840,709512.5,329907.1,958290.6,463968.8,207634.4,232069.1,142948.8,465978.7,194616.5,1141469.9,235309.5,1325462.9,223342.5,131086.6,187345.4,203849.1,354196.1,144081.3,535378.4,399627.7,252232.6,190822.5,117996.4,854990.4,141958.2,470332.3,452056.4,155765.7,676191.6
2-hydroxystearate,99968,90569.2,99255.6,95944.3,130275.2,47656,50378,38000.2,78391.2,51824.5,145480.5,32438.6,487487.7,47345.4,64915.3,45965.5,52168.3,86379,36240,72638.5,119879.9,57902.1,64337.6,29312.7,159670,38066.1,44965.9,71476.5,59971.2,184189
2-linoleoylglycerophosphocholine*,360987.9,790193.1,65017.5,299845,489323.2,436455.1,267571.3,274426,253597,28002.9,618213.4,257473,304707.7,303360.5,218315.8,356815.7,152303.4,444972.5,221184.7,184081.3,812005.2,141029.1,1174261.6,390851.4,,117480.6,223454.7,620909.9,32853.5,291253.2
2-linoleoylglycerophosphoethanolamine*,86090,26842.3,30760.5,39338.7,75269.5,10370.5,12634.6,17986.6,31292.4,9857.5,52141.8,10385.2,15395.8,9105.5,14467.1,4876.7,7273.4,13289.1,43489.9,15115.3,17968.1,25909.4,23514.7,10206.1,23088.3,19889.3,43017.4,22720.9,8326.6,13109.3
2-methoxyacetaminophen sulfate*,7636.9,,6610.6,,,,,,,,,16326.3,7582.7,,3287.3,,,,,,,,2466,,,3106.3,,,,
2-methylbutyroylcarnitine,484147.4,98428.5,1291518.5,168772.7,259016.9,29972.6,23173.6,44955.5,98994.8,46305.6,2039199.4,92384.6,34080.9,43863.7,102264.4,411400.1,1733840.8,396691,104481.1,75614.7,155162.6,27994.6,259561.2,224385,151277.3,438846.1,520129.7,52221.5,696041.5,121463.4
2-methylmalonyl carnitine,25143.4,15967.2,69571.8,52924.1,40063.8,10691.5,,21982.8,33166.5,,29372.8,21718,19980.6,12674.8,31131.2,14652.3,18769,,35932.7,28599,141436,16470,14473.4,26450.3,19562,17173.1,32324.2,32342,,27214.5
2-myristoylglycerophosphocholine*,67370.4,104566.3,,32037.5,27074.3,49281,27094.6,,,,37265.5,26496.6,,,,32843.5,,,56388.9,,,36256.8,28793.7,97748,,25285.1,50803.3,43857.8,,
2-oleoylglycerophosphocholine*,709490.4,1473164.1,89759.7,515665.3,388348.6,399910.2,305800.4,310226.4,377621.1,173072.9,229905.2,262388.1,282339.4,329327,165193.6,753425.3,203893.5,288189.6,479865.8,197383.1,872824.8,253024.1,1171985.4,1080845.5,543911.8,122837.4,943126.8,1165582.1,99244.7,233196.5
2-oleoylglycerophosphoethanolamine*,102656,78369.6,80851.3,69782.9,135935.9,13051.3,,16262.3,109164.5,4315.5,32928.5,34350,12883.8,,9110.3,24913.5,34933.7,37060.6,125680.9,27960.8,29733.6,61597.9,76015.4,14811.1,120468,28538.2,112958.1,57669.2,32058.9,49254.3
2-oleoylglycerophosphoinositol*,67519.1,19485,23273.7,24707.1,21585.5,,,10371.1,11776.7,,9257.3,12659.1,,,,13405.7,,21073,73946.6,,43255,17295,7019.9,14421.5,57863.6,9316.6,,12289.4,,
2-palmitoleoyl-GPC (16:1)*,227142.5,494867.7,,,79385,86949,52711.5,,,,64754.2,,,,,143512.4,100332.8,,134667.4,,124634.7,,537038.5,377364.3,73712.2,26797.9,562793.4,248416.8,,16845.4
2-palmitoylglycerol (16:0),87976,166495.4,133008,149072,83536.8,,,,,53918,144409,,,,,,241102,83675,,,,,81369,93191,163648,113418,96016,79051,,
2-palmitoyl-GPC (16:0)*,490863.9,912295.5,32564.9,281066.1,143413.5,357551.3,868403.3,360632.8,269387.5,182056.9,220615.2,970390.3,457597.9,990395.4,320353.9,617953.8,197586,269845.8,308832.2,242707,515345.2,186088.2,1124625.8,966190.6,281917.7,100441.1,418471.2,599092.8,123493,396289.8
2-palmitoylglycerophosphoethanolamine*,12219.7,28146.6,40139.9,,20777.5,,,5324.8,20893.1,,6137.7,,5647.9,4681.3,5738.7,12654.6,,14864.1,24872.2,7826,,10718.1,30079.1,8904.3,16849.9,4139.7,21568.3,30802.8,4515,12337.1
2-stearoylglycerophosphocholine*,72725.5,417296.6,,80625.6,54444.6,103741.8,251426.2,237652,113750.4,75205.7,,573860.9,156757.5,279453.1,122948.9,226894.4,34053,173538.7,127699.8,82986.3,699792.9,42124.2,298275.3,132358.1,94904.4,,187304,140750.4,36055.5,226977.9
3'-dephosphocoenzyme A,,,13983.5,4386.7,9802.4,,,,,,42833.6,,,,,,11630.9,10811.2,4639.9,,33691.1,33510.2,3925,2523.7,12912.8,,6995.4,2832.8,,
3-(4-hydroxyphenyl)lactate,82908.5,119819.2,69444.7,86443.4,96206.4,34194.3,54638.4,22243.2,59859.8,21226.2,83330.2,80182.1,39679.8,20710,375906.6,23141.8,89983.2,118340.3,45430.9,44839.7,198712.7,51257.5,42860.5,95586.9,126192.3,65337.3,115625,58027.5,51124.2,44133.3
3-(cystein-S-yl)acetaminophen*,23919.2,23603.5,,,,7330.8,5597.6,,,,,51912.4,35809.2,,23047.6,,,,,,,,19909.6,,18482.9,19517.1,,,,
3-aminoisobutyrate,147009.8,123461.3,702341.8,157078,145921,,,148588,143066,,880296.4,135145,,,,111245.1,713259,81543,2601272.8,204976,88277,114293,,590007,822316.8,1237250.5,118087.6,,391232.6,71456
3-carboxy-4-methyl-5-propyl-2-furanpropanoate (CMPF),13587.3,11704.9,7399.8,8584.6,4321.3,8739.3,3879.6,4033.2,7261.1,4182.4,,12154.2,75330.3,2401.8,29086,3212.7,,43378.2,,,11619,5201.3,3424,23051.1,14434.2,3153.3,7714.6,8437.8,,12861.1
3-dehydrocarnitine*,285719.1,227719.4,653883.3,258495.9,287668.3,37085.9,50700.4,378827,494840.6,54905.5,407306.3,303517.4,243769.5,108128.8,60292.9,223497.1,149939.6,173878.2,486380.7,613977,376968,66362.1,240821.7,568616.9,351908.9,166456.9,588398.8,160342.8,255453,209414.7
3-hydroxybutyrate (BHBA),1771281.4,6615615,1286492,1360673.1,3705777.8,612457,928193.8,2620799,3752502.8,1496408,6338772,1154974.9,1448759.4,325987.8,286764.9,1266099,846122.4,1967009.8,679212.7,2679931.3,379632.9,2750120.5,501850.9,878821.5,681039.4,1677937.8,671301.3,1561871,1537253.9,2121828
3-hydroxyhippurate,,,,3457.6,,4542.6,,2243.2,7487.2,,,3768.8,15639.3,3418.2,,,2574.7,,,1538,,,3797.9,2290.5,,,,,,3997.9
3-indoxyl sulfate,21115.4,15022.3,16254.5,15077.4,15962.1,51485.4,37850.3,11150.9,12718.3,29616,6828.9,71804.9,61209.2,85452,25356.4,14828.4,13579.3,28196.6,17332.9,14621.7,21442.6,6702.3,25177.2,48192,18154.3,11715,21167.1,5047.1,8690.7,17192.7
3-methyl-2-oxovalerate,4436.4,5639.8,2354.1,4285.5,,29225.2,34738.5,,4692,7316.1,4551.9,3315.8,6987.6,81341.7,103691.3,,8236.4,,,,,4584.9,3809.6,15675.2,13391.5,4018.6,,,4785.2,6277.3
3-methylhistidine,14795.6,,6485,9885,17419.5,8581.4,16852.8,5911,9056.2,5451.2,20092.4,4443.2,30977.7,,14862.3,,15990.4,,32403.7,9698,13502,,8747.1,30999.7,14331.4,11921.5,12231,5953.3,13117.8,
3-phosphoglycerate (isobar with 2-phosphoglycerate),46519.6,81450.1,3510.1,45855.8,81980.8,4689.4,2846.1,66508.4,15613.1,3260.6,12058.9,56438.6,34805.9,,8690.7,26282.8,11066.3,35236.2,77394.6,29789.7,17840.9,12205,29716.6,61863.8,25644.8,2043.9,6420.3,32744,38309.9,44633.5
4-acetamidobutanoate,23874.6,61543.8,22826.1,17551.9,33183.7,20639.5,21337.7,30326.3,30908.2,22856.4,37751,51236.6,36344.8,19437.9,15566.8,16031.3,25631,69478,21176.9,23473.2,91390,34300.9,18177.9,30425.4,182486.7,27168.1,20467.3,25288.9,19504.4,13822.1
4-acetamidophenol,12603,,4062.7,,,,,,,,,9654.3,13529,,,,,,,,,,4501.9,,,5833.4,,,,
4-acetaminophen sulfate,66488.5,4411.6,31671.8,,,1515.1,,,,,,175458.3,82571.2,,15023.7,,4910.4,,,,,,25139.1,,,26040.6,,,,12563
"4-androsten-3beta,17beta-diol disulfate (1)*",6165.6,15899.2,13031.8,5070.3,22032.6,7153,7048.3,21061,3548.8,6099.6,7876.5,,4740.6,48239,8680.8,8730.5,13577.5,2655.2,9538.3,4931.8,,,5501.6,5450.7,4710.5,7707.1,2866.4,5329.2,11357.5,11525.3
4-ethylphenylsulfate,,,,,,2216.8,,,,93422.1,,,,16300.7,3084.1,,,,,,,,,,,,,,,
4-hydroxybutyrate (GHB),33105,29442,29956,18417,80899,19056,,,,16874,39480,12214,19256,,16885,22575,36287.1,62772.9,17070,28804.8,38434,48910,61276.6,35949,115987.4,33126,43249,,18618,30428
4-hydroxyphenylpyruvate,5489.5,15696.6,3197.2,5561.9,3255.8,4172,25381.3,,4588.9,,34469.5,2983.2,,,5965,,27517.3,2559.1,3917,4158,,6596.8,4571.5,,3534.3,43759,12445,16223.2,4811.9,6837
4-methyl-2-oxopentanoate,6026.4,10824,3623.7,4217.9,4722.7,47125.9,56654.7,5019.7,9664.1,11940.5,10612,4408.1,9315.4,136825.8,51852.6,,11646.8,,6671.1,3444.4,,,4789.7,17120.7,20484,4590.5,8702.4,4216.7,6370.1,13673.3
4-nitrophenol,4370.8,7559.5,7421.8,7328,7272.9,,12482.5,10200.3,3356.4,7783.7,5438.5,11170,4907,5382.3,5090.4,9490.7,6311,11523.4,5650.2,6439.4,8817.1,8054.7,8745,15147.1,4100.2,7777,5014.4,4099.6,7560.5,6773.1
"5,6-dihydrouracil",313046.4,419649.4,635831.1,241816.1,163089,76387,,94592,206172.3,75646.1,499558.5,89662.2,370995.8,66619.4,70943.5,,622041.8,137539,166416.8,,198778,416055.3,199009,65111,638040.6,236439.3,240916.9,395131,76085.4,91705
5-methyltetrahydrofolate (5MeTHF),3214.1,8237.3,4347.5,5224.1,3333.9,,,,2773.2,,13486.9,3100.2,,,,3080.9,6037.8,7788.6,4792.5,3974.2,,15196.3,,13544.5,13219.8,4392.9,3096.8,2728,,
5-methylthioadenosine (MTA),131405.8,99423.4,196874.9,137779,134181.1,17055.3,16637.1,84253.1,61428.5,16439.7,320245.9,119959.3,56600.3,10717.6,21550.8,33502.6,247378.3,166294.2,320269.7,23848.4,183420.9,142616.2,138191.6,255976.4,338776.9,108444.7,102817.9,125917.7,84032,57215.4
5-methyluridine (ribothymidine),,,,,,1987.5,,,,,3847.7,,,2054.9,,,4626.5,,,1332.6,,,,3102.6,8105,5359.5,,,3681.8,
5-oxoproline,527946.5,308358.8,1251428.8,650208,511324.8,108502.7,64281.9,207759.7,164777,109024.8,251848.9,440977.7,249164.4,167072.7,224306.2,186996.4,296762.5,231087.9,978693.7,826001.3,655022.6,337868.2,258072.6,203157.5,863513.8,511025.6,869090.2,592813,711084.9,407444.7
6'-sialyllactose,,58554,156135.5,49247,107943,,,38931,,,764564.8,,,,,58409,74650.6,159978.7,151897.5,,3085374,280335.6,77586,198415.6,149174.8,153899,64085,97577,,
6-phosphogluconate,45692.5,46646.2,15776.5,166002,139661.6,6371.4,,40096.7,15060.4,4014.6,37969.2,93415.7,15711.8,6101.9,13126.8,16700.1,30543.1,90003.5,121133.2,48502.8,262833.5,66643.2,18686.8,107133.3,14686,64756.4,37613.6,36180.8,38680.8,24406.9
7-alpha-hydroxy-3-oxo-4-cholestenoate (7-Hoca),47110.8,178300.3,42265.4,35267.8,21191.4,36498.5,53720.3,11480.1,28775.2,21300.1,45957.9,43529.3,55411.3,37177.1,161665.7,70587.5,61092,24709.3,11933,29916.7,20960.9,16450.1,47179.3,68119.4,55757.6,106444.6,50328.8,32157.7,22533,42996.7
Ac-Ser-Asp-Lys-Pro-OH,31418.4,44714.5,132624.2,97292.7,39710.4,,,12727.2,23432.9,,81438.7,11543.5,33706.4,,,18950.1,116770.8,22596,40314.9,31679.5,46682.2,115432.1,41392.4,18359.5,150139.1,123287.8,57085.1,46781.6,21833.2,22800.2
acetyl CoA,,,,2728.9,8525.1,,,,,,12653,,,,,3706,,12165.6,6791.7,2856.1,24482.9,4408.2,,9915.5,,,3280.1,2145.9,,
acetylcarnitine,2741116.5,2780790.5,2023991.9,2327342.5,5624448.5,873165.8,1263970,5133180,4518418,1284349.1,5415409.5,2605688.3,1885547.1,788901,988787.1,3500415.5,4158708.5,3746871.3,4803502,7526671,3632028.3,2200437.8,3608045,3809507.8,1732954.3,4518898.5,4391305,3135125.8,2706134.5,3518741.3
adenine,68501.6,58244.7,51063.5,79159.8,86206.6,33391.2,17120,55563.7,69608,21012.3,142325.2,43782.3,25803.4,13159.5,16206.3,97191.4,38513.6,93127.4,97565.5,41133.1,328452.2,107911,37417.1,50456.3,64142.1,40061.8,48466.2,53581.4,37685.4,36676.5
adenosine,1306387.8,739671.4,1868020.4,1529203.6,2182054.5,309912.4,288890.8,1967116.4,1967272,137346.8,3350424.3,1022470.4,2082988.6,364866.5,555952,515488.9,2214248.8,2314024.5,1514397.9,1610803.6,4989796.5,3320436.8,1256776.3,585850.6,1190299.4,957241,2408093.8,1815223.4,1883291.3,919747.1
adenosine 2'-monophosphate (2'-AMP),35679.6,83821.4,39797.5,58943.8,46183.6,9363.2,,21964.3,12475.6,4423,111631.1,16817.7,,7634.5,11949.8,145028.6,52905.8,46139.9,88014,27912.1,13467.6,86341.3,50265.7,49398.3,132320.7,305292.5,65746.3,59520.2,39858.3,29815.5
"adenosine 3',5'-cyclic monophosphate (cAMP)",,,,,2470.9,,,,,,4690.6,,,,,5664.4,4599.8,,9835,,6253.4,5192.3,,4508.1,,3239,,,,
adenosine 3'-monophosphate (3'-AMP),37247.6,68474.5,39422.6,106237.1,52934.6,,,20853.1,37247.4,,56087.7,31291,10077.9,,,48676.9,270965.7,51723.9,137565.4,76458.4,42648.4,40156.4,112458.1,103654.1,100771.8,302058.9,95834.8,92166.3,182641.3,28226.3
adenosine 5'-diphosphate (ADP),31394.1,13275.5,,51545.9,112754.9,,,15501.5,16309.9,,129564.7,26770.1,,,,16795.2,61882,156976.2,57960.5,34372.9,302523,167957.1,26179,193354,91724.4,31977,71630,26488.2,43479.5,
adenosine 5'-monophosphate (AMP),3502394.3,566412.6,2211698,1331213.5,3390622.3,15299.9,35877.5,1758795.5,1879345.9,4925,5867291,1459005.4,813839.3,23046.2,97294.3,432720.4,3796410.8,2979588.5,4169075,2653212,8053314,5954190,1901004.3,5752429.5,4712573,279450.8,3530032.3,3001495.5,1561846.9,55322.7
adenosine 5'diphosphoribose,,,7396.8,4633.6,,,9834,18553.9,,,5279.4,8624.1,5152.3,4170.2,,,,4692.1,,13134.1,,19278.1,,36731.1,9833.8,,,,,
adenylosuccinate,4019.5,4202.9,,2524.3,31802.8,,,,,,71552.2,4495.4,,,,,27712.9,13209.3,17988.7,4758.9,82915.2,60415.3,6121.8,83464.2,36691.8,,17778.7,,9290.8,
adrenate (22:4n6),7369221.5,3610325.8,7237479.5,3473896,2132954.3,1207155.5,284118.9,710904.5,1912126.1,1802374,1865001.5,1691715.1,2059502.9,529806.3,681176.9,2000561.4,4994910.5,1820936.9,2057632.1,1644269.1,690759.1,2127585.8,1964458.3,1406277.8,12871965,3358118,2282060,2280967.8,1966693.1,1585955.6
agmatine,81799,48786,231302,156622,236185,,29483,81452,54540,26644,132188,169744,61719,,26485,168037,100125,74895,404546.8,110119,235181,91095,145884,185809,555388.3,240123,256961,108194,226107,76846
AICA ribonucleotide,,16434.1,21366.1,,27561.9,,,,,,36542.4,4327.1,,,,,91164.8,,52294.1,,23750.5,,,10716.7,126333.6,,27652,,64215.3,
alanine,73457712,63762628,165694272,78625552,119705464,19830180,13876460,32482612,66437956,22806134,141893152,29120516,82582512,20468172,22839326,38076028,186342400,50206500,135180096,81456296,82035936,87906128,91489112,105693688,319987584,83754576,105858080,54814836,125240368,50506804
alanylleucine,60167,112542.2,62421.6,112013.6,173841.3,,,18333.3,28144.4,8296.2,63688.5,20564.4,20031.1,22154.8,,76220.1,70538.7,32656.8,150932.8,31326.7,17992.8,55349.5,95786.8,25315.8,340936.6,53080.3,42644,39712.2,27471.3,
alanylphenylalanine,24377,35013.5,22269.2,37176,78746,,,25730.7,,,31736.2,17187.8,,,,26815.5,32591.6,26055,48922.7,17349.2,,25579.5,40506.9,,82232.4,14210,13842,16540,13696.6,
alpha-hydroxyisovalerate,,190200,128998,100655.7,290611.1,126378,111135,263715.1,,,150544.6,,213163,115107.3,94971.8,,105542,,,,73997,174260.5,,132171.2,162974,154422.1,124258,,89407,125607
alpha-tocopherol,178939.5,83331.3,318590,235767.4,105054.4,62379,99250.8,260310.8,835186.5,61246.8,156354.5,269350.2,63018.3,69686,40091.2,148148,281868,2667114.3,289650.3,249239.2,231159.3,106177.3,130899.6,714173.8,850904.3,163435.2,177511.6,180599.6,157377.9,43930
androsterone sulfate,11153.4,41169.2,8204.5,6097.5,,53360.3,70139.1,22845.3,11720.8,8779.7,12708.9,,5091.3,73418.9,439391.6,4995.3,39737.8,4102.5,13475.2,11681.8,4900.9,4629.4,11966,,12882.2,10181.6,4584.4,,27360.6,34272.2
anserine,34133.1,,8034.3,11093.5,15499.2,,,,,,6991.1,,,,,7671.3,25684.9,,5178.3,3813.6,7390.4,3327.5,4244.5,9398.2,30876.7,1405.8,5687.7,,7340.2,
arabitol,59325.3,72404.9,48572.9,64217,63290.6,,10984,14393.4,41256.8,11750.4,54769.8,51885.7,82630.2,22151,,33565.8,54049,,213216.3,60584,178825.8,41852.6,51117.8,54519.7,107607.9,66500.5,83714.7,216856.2,25475.4,18972.7
arachidonate (20:4n6),13862284,11617848,17277570,9181797,7179158,2783712.8,1321191.1,3019168.5,10789628,7448770.5,6011662.5,5118050,5667334.5,2635497,4251797.5,7572713.5,9659850,5424601.5,9289445,6163955,3579955.8,5520675,9514416,5564875,16829094,11327314,5486494,7374533.5,4711518,8645606
arginine,1037825.3,1544540.3,1282176.4,1137569.5,1364961.4,602523.9,464997.1,1070295.6,1050848.8,595991.1,452303.2,817336.9,1112467.3,548249.3,614986.3,979322.2,1297614.6,1043921.8,1195149.4,1293354.4,496384.8,833081.8,1460952.3,1192962,1400146.9,1207333.9,1194785,1236542.3,1243019.9,1311114.5
ascorbate (Vitamin C),12845420,16369306,8239159,33093476,2849968.8,15864,226957.8,7888780.5,20710286,1177683.9,33876140,3064716.5,16914942,22287,25772,9676201,27767202,18467254,17132482,25730162,66181456,40872076,10741066,3506474.8,35969852,12691825,34060180,18990912,3256841.5,10646956
asparagine,311256.6,532577.5,1321509.3,670105.3,735987.8,67671,26373,201748.1,170402.6,76299.7,405101,141121.3,308158.7,94253,85412.6,64859.2,1051392.4,157060.6,1768218.9,481116.7,140644,699152.6,973538.1,93369.1,1419058.1,619262.8,502459.2,427804.3,878689.6,541660.4
aspartate,11900815,14609346,25295176,21731258,27097286,1495666.3,923836.3,9352082,8370719,2396804,32277956,3106117.5,13067253,641188.7,1853155.5,9951486,21410944,27268952,70417128,27349450,20442268,51094532,20611558,3242156.3,13711315,27956946,20795570,23837036,34674052,12575048
aspartylleucine,41326.6,232275.2,56662.9,118159,80230.6,11099.3,24019.4,14544.3,17028.9,12988.3,68048.8,12159.2,,10354.5,,41579.7,68704.5,17477.1,91652.8,37168.4,27222.2,33114.3,44663.9,22125.4,323420.1,44985.3,24774,29817.6,38288.6,17787.4
aspartylphenylalanine,19073.5,95554.8,30756.2,49553.2,39875.3,43283.7,,,,11819.9,28640.2,12013.3,,10854.8,,22357.6,30374.6,,30526.7,19114.4,11602.8,19976.6,18663.3,,169828.8,24110.9,9592.7,16936,18074.9,11896.2
assymetric dimethylarginine (ADMA),92772,164399.4,102018.6,74998.9,91006.5,78736.4,82640,81656.6,73823.6,99123.9,127844.4,98191.1,105409.9,117849.8,51454.8,127567.6,170938.1,70646.3,124969.5,97922.1,77583.9,90581.5,232715.7,133829.3,140131.6,190042.1,117646.2,142259.5,135397.5,168049.2
azelate (nonanedioate),3597.9,20223.4,3491.2,5041.6,4643.8,4961.1,5663,5044.7,5116,5751,2782.8,8193.9,5354.3,5864.2,6054,5470.8,3016.9,5969.1,7559.1,4928.4,3326.1,7778.8,4397.5,3213.1,5781.2,7319.6,2714,2166.3,7780.5,3985.4
benzoate,589574,690609.4,812084.5,823617.1,922075.4,512362.1,9218630,5681347,723083.1,4623515.5,457538.4,3635271,751851,2731869.8,1243397.1,3746991.8,762486.6,3891643.5,538103.3,963644,1250518.9,939056.3,790520.8,2546636.5,495285.9,941219.4,728086,545711.4,771052.5,953298.8
beta-alanine,317080.6,243745.3,391107.2,133060.8,648781.9,57742,,70291.9,105091.8,18760,2607977.3,178713.4,184320,25073.5,27205,258975,638965.1,118220.1,320258.2,210568.5,218092.5,186170,346514.8,1945222.1,547800.8,1173812.3,553046.9,405267.2,365394.1,72235
beta-hydroxyisovalerate,2256.4,,8665.8,4216.5,5275.8,3128.1,4501.1,5620.2,,6745.3,5789.4,5199.4,4150,4269.9,,5726.1,9037.5,6361.7,,5088.9,13252,9574.8,8468.2,4907.1,4136.7,5452.2,5897.4,,6918,3774
betaine,741801.6,699818.8,773730,890950.8,1807318.3,298551.8,580683.4,1214898.4,1281291.6,424029.8,2586066,692332.3,776837.8,649644.4,497889,660544.4,912059.6,820061.1,436415.8,2943137.5,1479618.5,332325.7,612671.1,632660.6,1007482.6,1473525.3,1384188.3,589637.8,522378.6,707106.9
butyrylcarnitine,7590123,2768222.3,3220260.3,2013095.9,1557633,31638.3,107596.7,650090.2,1547710.4,100149.7,4044134.5,1345300,398641,60375.9,121695.3,553282.4,1073217.1,1272338.5,7944379,843407.9,249219.7,470096.2,2309340.5,667997.6,1292173.3,691527.4,10767518,1148836.8,2047362.4,796852.1
C-glycosyltryptophan,494137.3,876026.8,576643.3,744908.7,338741.3,25906.7,26238.6,165168.1,267506.3,43927.8,245807.1,215551.8,161174.3,28207,36896.6,146303.7,295533.7,436745.5,264659.9,222493.3,493350.3,494468.1,247949.6,186255.9,981582.8,1034666.9,390421.6,521455,239594.9,175120.5
caprate (10:0),80704.1,63684.8,61412,42308.8,62315.8,80448.7,291348.9,149730.9,66223.3,244940,51798,232964.7,82344.2,163395.5,103689.3,172130.8,54864.4,110325,35361.7,77882.4,44655.3,43398.1,81854,100619.8,38669.7,66530.8,57664.3,49819.5,50901,84453.1
caproate (6:0),6641.7,6504.4,9164.6,4621.4,4429.7,11154.2,22238.2,16367.1,5720.1,16404.6,6652.5,21294.9,7802,22236.9,40386.3,17415.5,,10326.3,6327.2,6267.1,3978.7,,7114.9,7231.8,4189,,5045.9,7009.2,,9726.6
caprylate (8:0),25707.7,33744.4,,,21758.3,23742.8,64700,34575.4,21541.1,75983.9,12867.5,60199.3,12717.8,41505.1,56609,37909.9,19876.8,19771.3,15584.1,,,,32460.6,37858,,,22616.9,13479.2,,28878.1
carnitine,3238396,2494568.5,6206862,3762325.5,4537818,968041.6,1185341.9,4553482,2723806.8,981123.1,4326278.5,2281426,1603141.5,1334258.9,1360456.3,3254189,2481207.3,2124490.8,3357437,3068281.8,2919453.8,1308718.1,3619359.3,3319592.3,3982503.8,2162858.3,3801385,2439570,2297144.8,2464728
carnosine,,,9433.8,3978.1,174791.9,2784.7,,,3499.9,,,,2738.5,,,3163.8,7717.9,,,4864.3,8245,,,,5895,1962.9,4332.2,,4047.7,2455.1
catechol sulfate,8742.2,5284.3,4208.2,36439,3506.7,31979.6,34192.5,12355.4,16224,18052.4,,12311.5,27567.5,148511.7,11275.2,9729,11929.9,12345.5,39657.1,15807,,,61344.7,19526.7,6073.5,20564.5,5867.2,2532.2,4900.2,57816
chiro-inositol,43828,40525,,26648,46652.6,79653.7,42656.6,65257.6,70062.8,27461,146430.9,214682.2,,50455.2,,,,146398.7,78560,,79807,42623,56455,177142.6,92479.5,,49057.4,24041,41150,96672
cholate,6587.4,7324.4,5639.3,16153.9,,29587.1,6687.1,,,9365.2,,5121.6,103596.8,8509.1,20731.6,,,5105.8,,5587.6,,,8470,9198.3,,9510.3,7929.5,,6463.2,6498.3
cholesterol,4120722,4363778.5,12269389,7096512.5,6638574,2202575.5,1993068.8,4752311.5,5963916.5,7951255,5859806.5,9367548,4995072,1965549.3,3623438,9892029,6384912,10348248,10982003,7242645,9905276,8589665,5920959,17004168,7255946,7405572.5,3153910.8,4741148,8052466.5,4613019
choline,3668837.5,3455914.3,5428598.5,2918306.5,3229025.8,1383077.6,929546.1,2117510,1954378.1,2180281,1775826.3,2355335.8,2607177.8,1733368.8,2580003,2279229.8,3458248.3,2798348,2172288.8,2318835,2477028.5,1809678.1,3029056,2099205.8,4175572.3,3157853.8,1732567.8,2423216.3,3007253.5,2135033
phosphocholine,3498604,848650.7,2958206.3,5895970.5,1809344.8,342915.8,679224.6,1921883.1,2451797.8,870511.6,8098916,3096952.3,1895933.1,390626.8,508364.1,7444644,5574122.5,4105583.3,1498644.4,2348628.3,9696560,2803476.8,6918982.5,14538191,2546008.5,3977332.8,9259692,5324654,3046467,1550605.3
cis-urocanate,3009,3138.3,3795.9,7621.7,4035.4,20176.9,5524,8373.9,,22048.5,2643.1,11137.3,4667.3,62076.1,4498.8,4723.6,,5952.3,3501.5,2819.5,2864.7,3538.4,7210.3,4381.5,2273.3,7573.6,3042.8,3557,,2486.9
cis-vaccenate (18:1n7),2059999.3,1992596.8,820476.6,1265389.1,1186366.1,1050479.5,195948.7,548555,582621,743128.3,1007540.1,873537.3,395460,852583,540448.5,1334708.5,1624911,1362244.3,1625673.5,818345.1,369406,777040,1515198,1177874.6,4425816.5,1005126.6,475037.4,267473.1,987251.5,435363.5
citrate,1995276.9,290851.4,2360881.8,566715.3,2302963.3,2137012.3,1772565.8,1932317,3122313.3,2211163.5,1971805.1,2584599,3087524.3,1257154.5,2712667,154334,8431909,564263.5,1092671.6,3936821.3,1339133.4,5004002.5,2470918.5,2681878,2027012.8,7485735.5,3044347.3,2395187,1724086.5,2708195.5
citrulline,70622,131387.5,71610,221850.5,82220.5,203963.9,139562.9,143025.7,145464.2,139996.5,89230.3,216697.3,77815.9,234697.2,125063.6,112488,110296.3,221722.1,357764.2,165400.8,298158.1,54940.3,188861.1,89006.7,186196.1,145161.8,168240.7,70563.5,96873.3,105558.8
coenzyme A,2018,6327.9,,12676.7,27809.7,,,2799,,,76803,,,,,5674.2,9222.7,78257.7,7101.6,,86868.8,30334.8,4448.6,11670.5,11977,,6421,5120.3,,
Coproporphyrin I,,,,,,,,,,,11270.6,,,,,,,,,,,,,,,,,,,
creatine,2577158.8,4814345,8319870.5,8536871,9707070,1352937.5,932231.1,4263717,7471989.5,1355952.9,15062391,2352778.5,3317904.5,1053648.6,2445953.8,2816174,5913954.5,6210343,7901132.5,3207894.5,11469898,2907100.8,2526011.8,9127363,11835722,5475320.5,5192015,5194930.5,4643488,2482991.5
creatinine,175065.3,243896.5,203330.2,261518.3,136237.6,326773.1,251320.2,125691.5,234878.8,260591.6,175228,387052.8,301376.9,411040.1,258754.8,201823.5,297028.2,126726.6,170441.3,186891.2,228671.5,123766.7,201823.4,262221.2,251420.1,141191.7,175306.3,306408.3,204259.5,352641
cystathionine,349547.5,,106301,97426,78503,,,,,,,129077,60024,45558.7,,96980,404636.5,57557,107750,,,265534.8,463139,150051,88689,324585.4,6018503,73676,231809.5,57534
cysteine,5134611.5,2196832.3,7258841,10702265,7072813,263439.3,321169.8,503420.7,626797.5,313757.4,13123923,1540602.5,827480.3,288201.4,381656.3,540345.1,1902856.8,1203235.6,9149420,2418324.5,9056333,5044275.5,2619066.3,4698023.5,25921030,4524462.5,7997121.5,3455057.3,2675714.3,293121.6
cysteine-glutathione disulfide,1635571.9,762723.2,224505.4,1884192.5,892339.1,245249.8,439474.2,230157,211787.1,250189.2,1625533.9,804866.8,993854.3,224235,242184.6,291172.1,498051.8,288363.5,2933929.8,627419.9,2034027.8,966973.9,592233.3,1169984.4,3672935,1107251.6,1671656.9,1626635,652259,317926.6
cysteinylglycine,,,,,,,,,,,,,,,,,,,,,,,,,175721.2,,,,,
cystine,238990.9,,1614009.9,334428.8,,,,,,,,194398.1,,,,,,,541573.5,358273,,,,,717684.8,,299568.4,111144,640334.9,
cytidine,17558.8,246076,47832.1,68266.6,91986.8,69999.7,78326.4,58052.4,75923.6,56579.8,51990.6,305522.3,81512.8,71371.6,155746.1,65970.3,101047,60365.5,27465.3,95331.2,121096.4,62362,49838.4,159138,94314,356437.8,102575.2,56521.8,212274,191745.4
cytidine 5'-diphosphocholine,814741,676737.8,1098133.8,864565.5,323291.4,,,84660.6,236074.8,,1835818.4,94478.5,154246.3,6693.5,17298.8,140432.7,1447390.5,188634.5,710552.6,104982.1,315802.9,720398.4,383716.3,727166.3,1765719.4,270232.1,282227.3,523463.8,391963.7,68062.4
cytidine 5'-monophosphate (5'-CMP),98557.8,78304.2,148529.5,90663.6,168860.3,16657.5,13423.5,113822.6,39329.9,10455.4,231028.7,111296.4,55771.6,7191,16391,93343.4,195767,132702.2,229390.5,186360.5,673957,302736.5,94804.7,288090.4,270828,91179.9,217454.1,103928,182707.7,45036.6
cytidine 3'-monophosphate (3'-CMP),,64897.8,,24831.9,,,,,,,,35896.7,,,,,55121.5,47646,,24327.2,,,66616,46364.3,,197922.7,22682.4,31788.9,39746,
cytidine-5'-diphosphoethanolamine,316229.6,228682.8,198827.2,200303.1,127471.2,,11150.8,103438.8,72128.1,7343.7,422316.3,71000.1,72974.4,6665,11838.5,156989.7,390050.8,107859.4,167502.3,98758.3,226863.3,361710,133148.7,232236.5,591397.1,170200.1,211987.4,121049.8,155428.9,38090.1
dehydroisoandrosterone sulfate (DHEA-S),13184,27980.5,10890.6,,,24712.1,28836.8,,4236.3,7828.1,22239.7,,3429.5,72453.9,546770.9,8907.9,47035.2,,20215.5,5005.7,,,15635,,,12862.7,4909.2,11994.8,31215.9,47372.8
delta-tocopherol,,,,,,,,,,,,,,,,,,95150,,,,,,,,,,,,
deoxycarnitine,202716.6,159604.3,282269.3,180781.3,268169.7,52218.1,39787.2,195689.9,186681.8,38349.9,254470.1,134570.4,94609.9,62733.5,41347.9,134222.9,279894.6,109571,154778.2,287485,241808.1,222494.7,217414.5,307303.3,168457,364855.9,299055.4,204813.1,156914,140010.1
deoxycholate,11532.4,5683.7,6459.2,15416,,18839.9,9641.5,,,13590.8,,10585,1072793.4,36285.9,38978.8,,9467.8,6406,18835.9,10906.5,,,3449.2,,33897,9492.1,,5395.2,4823.9,
dihomo-linoleate (20:2n6),3488288,3772203.3,3604305.5,4695524,4149009,1027388.2,240135.3,838911.8,2589732,507548.7,1608196.6,915931.7,1050149,462936.1,978043.8,1310191,4216160,3576023.3,2966465,1814265.3,1760047,865392.5,1546612.3,901568.5,16122285,2545266.3,1272447.9,1853352.6,2994014,2681435
dihomo-linolenate (20:3n3 or n6),8855137,5536915,10872109,5429313,2259069.3,716497.8,281386.1,608837.9,3715888.5,1087070.3,4196086.5,1543618.8,1407967.1,708176.9,816438,3378281.3,9935626,3044175.5,5168128.5,3168057,1691838.9,4004141,3248083.8,1671740.4,27535894,4915116.5,1899986.6,2253218.3,3380978.3,1604247.3
dihydrocholesterol,,53234,56550,65789,74591,,,,49339,25893.7,,73617,,,,45179,,76282,56107.3,66254,44147,36870.8,26432,,40595,,17255,33369,26992,
docosadienoate (22:2n6),399999.7,538130.9,380676.3,686749.8,428827.7,75835.6,25510,63987.3,347077,35107.7,232818.6,114259.4,83668,30998.8,207000.5,185304.5,432464.3,282827.1,226651.5,189428.3,395563.5,99572.8,219471.5,139579.9,1645238,440397,133782.3,192735.5,563675.3,200588.3
docosahexaenoate (DHA; 22:6n3),2604963.5,1977015.4,3698178.3,689930.6,1715655.8,618508.8,175557.9,186380.7,1359607.8,341007.9,842793.8,492436.2,678637.9,139754.6,333454.8,941762.9,472920.5,1314950.1,627944.4,795055.4,1022963,609296.8,564652.4,449311.3,3635426.8,1802346.6,917117.4,1216837,462209.9,639702.4
docosapentaenoate (n3 DPA; 22:5n3),2699226.3,647201,3125157,928237.2,875138,383942.3,101229.6,213218,982854.3,256746,978762.8,624070.3,702509,206280,230263.5,603241.6,1264313.4,945120.1,979774.1,556834.9,188788.9,666049,661516.3,539532.4,8254107.5,1876338.1,535358.5,677160.3,362808.5,525546.9
docosapentaenoate (n6 DPA; 22:5n6),831840.9,1636973,1867407.9,385995.3,457431.1,108756.9,28616.9,76279.4,237039.3,86618.7,243333.4,210159.4,257540.6,40230.7,72560,272401.1,561403.3,190811.6,274806.4,616404.7,466213.3,381090.1,431663.8,228810.4,1424421,647344.9,608720.6,312653.8,230285.7,255193.3
docosatrienoate (22:3n3),241681.1,239273.2,391231.2,201777.3,124530.5,11579.5,20977.7,15654.4,107064.8,18931.8,133438.8,41172.2,47988.1,,,65615.7,434870.7,116686.4,142460,149619.6,113555.4,221597.6,83101.9,75605.8,2026867.9,217832.6,105256.6,108708,132779.6,30959.5
eicosapentaenoate (EPA; 20:5n3),803969.9,420962,843123.5,376661.3,472921.5,219039.6,233156,202296.1,599092.5,257863.7,742910.2,319468.4,285287.4,260622.7,215249.3,341662.8,522431.1,530334.1,728599.6,313724,321203.7,419961.3,633604,462142.7,1945940.3,720873.3,320395,364886.8,360560.4,242686.3
eicosenoate (20:1),4530082,5330286,3015448,5479440,5987958.5,1589255.5,242218.9,1183449.9,3830870.8,985544.2,1094849,1226078.9,811621.2,483884.1,1217141.5,1592085.3,2354304.8,2874126.3,2909888.3,2522422.3,2991072.5,649507.5,2079761.1,669186.9,8340064.5,1806035.3,1222833.4,1595661.3,1460385.6,1555145.6
epiandrosterone sulfate,,7616.6,,,,12588.2,,,,,,,,15089.7,152895.2,,8711.3,,4277.1,,,,,,,,,,4742.3,7139.9
ergothioneine,275747.2,259600.2,716269.4,368152.7,404967.7,66059.7,33263.1,472183,203666.3,65944.1,719373.6,98129.8,173504.2,99890.8,83098.6,52825.6,289186.8,158919.3,1019218.1,905196.3,1303334,210738.9,299491.2,236460.6,256667.6,555210.9,407908.9,162162,218501.7,205316.7
erythritol,103004.7,143715.5,137688,225870.1,174479.8,,61306,24584,126449.5,43544,281078.2,126054.6,179864.6,100261,25514,95872,157166,85207,218616.8,180069.3,243428.3,115908,175186.8,289839.3,245706.2,144028.7,142797,116104.4,71648.7,142619
erythronate*,482526.2,648934.4,696463.8,987245,1081864.8,50837,19667.5,143394,312044.2,31769,1034103.7,360907,236081.4,71485,112106,120820.9,334427.8,223730,532530,501020.2,516937.6,544938,407877.8,402108.8,441569.6,740576.4,861504.4,781555.4,145386.1,170512.3
ethanolamine,4975423.5,11254267,16774160,3341798.3,8718257,818989.4,222084.2,3586642,2311842.8,392600.2,9840255,1688982.3,3670068.5,368028.5,596960,2968061.8,17484202,7108420,3905140.5,5031702,13402068,9009762,8034644,2022923,9579409,7614060.5,12924390,7536424,8028391.5,3249091.5
flavin adenine dinucleotide (FAD),22054.3,24830.1,50233.3,32335.9,36326.9,3042.4,,12888.6,15226.4,,62484.5,14803.2,8968.1,,5011.8,23460.2,29683.5,46526.1,51231.4,22738.7,110590.7,42594.5,24081.5,43213.2,36596.9,32882.9,24982.8,25942.2,23657,9019.9
fructose,237042,1364541.5,159293,836400.9,1378666,246704.5,292671,166236,304615,118176,295891,125620,529411,332316.9,359600.8,1087873.4,1917150.3,387130,1008635,3079390,1994782.6,3478463.5,464868.4,768319,294080,1934100.6,625784,1074495.1,437836,411231
fructose-6-phosphate,,245583,59162,84861,77704,30160,27201,55653,140807,29355,,65608.7,208236,14099,,1103972,2538671.5,115237,130792,253481,89790,2159838.3,150589,315933,,4198662.5,159788,656128.5,60608,102368
fucose,152907,116200,359469.6,140138.8,136643,,,,95695.8,,205379.4,70569,76414,,,36226,,70459,660587.9,65327,386600,196715.9,218821.9,171942,570144.8,142545,,94038,,129224
fumarate,644039.3,791276.4,1619765.8,1291555,1478486.8,118794,76723.2,881483.7,913771.9,117200.7,1712792.9,591575.2,659389.1,64987,190831.9,657702.2,1370699,1232192.8,1712100.4,892920.3,2034829,2632384,1537605.3,1289925.5,1175910,1621939.9,1610140.4,895127.4,2762342.5,482306.4
gamma-aminobutyrate (GABA),39711,104451.6,90777,59603,90631.9,24686,,35562.2,43879,,187692.5,46004.3,32894.5,,15610.2,65969,79586.8,55720,24784,46892,111305,82923,93674,556290.1,243231,108592.7,97052,40048,65472.2,28204.8
gamma-glutamylglutamate,99813.6,75733.1,162834.6,116572.8,151889.4,52152.9,16775,98708.6,45598.5,30232.9,94124.9,311049.8,60173.7,34143.6,95102,52315.3,169506.4,102158.9,275851.3,334021.1,593535.8,415125.2,96398.5,196760.4,208778,449426.9,132730.6,298357.5,242565.4,76665.8
gamma-glutamylglutamine,118550.5,109925.9,124268.9,99122.4,138599.8,94108.3,88321.5,116666.6,57088.7,157754.2,,270940.3,29175.8,125212.8,119899.9,63148.9,136776.3,128893.2,841073.7,219881.9,254521,167292.7,110316.3,85354.9,222873.8,229912.5,223323.7,178466.5,226642.8,136224.4
gamma-glutamylisoleucine*,58282.6,42808.7,86404,24637.1,41614.5,16227.5,,,14807.1,,39837.5,15356.1,15000.5,,,12442.5,26862.5,,34801.9,25998.4,20468.2,22452.7,22016.4,28672,125093.2,17139.5,43612.2,26618.1,68556.3,20131.1
gamma-glutamylleucine,193323.6,161008.3,282779.6,118617.5,174030.1,29340,16725.3,24750.8,37284.8,29809.2,168674.9,62511.9,71082.3,36824,47149.9,32847.3,102805.1,40642.4,196344.4,123626,68228.2,85286.9,75735.4,68189.2,413718.2,103375.7,182254.9,154952.3,209004.8,90095.1
gamma-glutamylmethionine,34454.1,24315.1,25419,20836.6,40802.3,,,23193.2,,,31437.8,20507.2,25307.6,,12615.9,,40544.1,19327,82042,24723.8,29285,44229.3,29991.4,25614.6,72167.9,46419.7,44781.3,42892.1,43560.9,35811
gamma-glutamylphenylalanine,80915.5,41914.1,94906.7,40556.4,116757,24622.5,16210,21074.2,25302.1,17409.3,72477.3,37488.9,20789.2,22628.3,,,50168.8,,101126.2,55196.8,25083.6,33010.2,44718.9,31659.1,165318.9,39975.1,78928.9,70244.4,118864.1,61760.3
gamma-glutamyltyrosine,37399.2,27116.1,44241.2,24072.5,64448.6,,,10470.7,14569.2,7055.7,33742.6,17087.2,18681.2,14142.8,10960.5,,28256.2,,59809.2,32665,21237.1,23238.7,33519.2,22327.9,81746.7,26498.1,45741.1,42825.7,67880.4,27478.9
gamma-glutamylvaline,83680.5,67518.8,117374.5,43285.6,84840.4,,7913.6,9053.6,21900.6,12541.1,95241.8,24759.3,29389.4,19123.2,14222.4,42520.9,42550.4,18303.4,71939.2,51850.2,22411.8,27401.2,33431.5,35907.4,281914.3,27576.2,73245.7,47621.9,144730,22476.8
gamma-tocopherol,79927.3,,268647.7,72313.2,54667,24126,28996,72246.5,11250,39575.9,72062.5,300442.6,,25562,28653.6,91431.9,142207.8,987721.7,51726,51161.9,18779,62050,95347.7,105532.4,33860,52885,109701.2,99233.1,77105,25551
gluconate,164271,450852,290610,616803,388196,41568,31317,74698,94882,111463,3799618.5,94243,190088,63310,160834,158033,284415,258235,967804.8,248066,1296331,515286,174937,387730,322977,340257,302157,136258,434584,173475
glucose,5680288.5,10159912,459594.4,11492473,4838298.5,27828674,30770842,10823496,17361184,29667188,479148.9,5249420.5,41693448,35644628,45277096,13828557,11195686,1171318.3,8214732,79149816,10634625,16617287,2076102.4,9183670,9008102,10244676,5682077.5,10734554,12165531,28008290
glucose 6-phosphate,109346,1395443.4,301710,1048502.5,452649,361320,125689,581014.2,620434.1,305750,131601,615149.4,758228.9,145469,347333,4478838,8673727,688000.1,631479.3,1924711.1,1145445.4,9680649,537429.1,1999557.1,299850,17707296,1354989.8,3165556.8,383005,1091041.6
glutamate,85354448,69349880,178282688,111574344,151186592,6460707,2310700.8,38634484,36651040,8268960.5,87707416,38910244,46200568,2867545.8,11969779,51029020,138057904,63605176,128586424,106250152,174020960,229738832,80123096,72635736,239790624,134310352,85472344,104624216,149801072,47922056
"glutamate, gamma-methyl ester",3537072,3469973,1629769.1,3654860.8,4677269,23207.7,25473.5,1430192.3,1758799.9,44669,3147375,966390.1,1513402.6,21554,144993.3,1599883.8,3578472.5,2578126.3,4429095,2321388.8,4935159.5,4026455.3,2455707.3,1125497.4,8696436,2757508.5,4464649.5,4071087,2459713,1248795.4
glutamine,2178218.5,4644909.5,3100110.5,4015875.8,3604475.3,2240866.3,2542861.5,2639936,2634600,2668222.5,504573.1,2619882.3,2000950.3,2351550,2977091,1353896.3,1881980.1,3405123,6261175,2885797.5,3079105.5,1950858.5,3402935.5,330665.4,4267517,3362390.3,2371574.5,1728782.5,2043134.5,4560116
glutarate (C5-DC),,7521.1,,21526.9,30288,,,8240,,,22622.8,11165,15310,9903,11129,2200,22516,37375,,16160.2,29707,22877,,,11236.6,23914,4207,,,
glutaroyl carnitine,,,13575.2,60728.8,19845.5,,10496.1,,26985.4,10174,17303.9,18567.2,49736.2,7005.9,21761.4,,14074.6,34650,,21836,,,,,,,16116.3,18547.2,10000.2,
"glutathione, oxidized (GSSG)",2203669.5,3809123.5,,1216856.9,4886093,89068.9,141443.9,3453788,4514902.5,97721.9,6605871,307683.5,2199225.5,30338.5,52525.2,2357378.8,4745252.5,5076848.5,2664297.5,90850.2,7930164.5,6328170.5,4537956,4218245.5,5007742,3052172.3,1647005.6,3147113.8,187622.3,3480460.3
"glutathione, reduced (GSH)",668495.6,2130341.3,16340.9,1483685.8,7898337,20590.2,24953.9,1308409.6,1525579.4,19389.1,15991809,77226.7,82986.5,,10246,448756,4202908,6817792,1764521.6,46669.6,11542012,9474152,3284316,1973318.1,6128627,1556963,1042750.1,1420834.1,101695.1,583822.2
glycerate,324726.1,1394080.4,138611,789961.9,321587.9,217781.2,72160.2,176732,195709.1,117721.5,388310,201300.3,222818,225879,244127,141341.7,146153,175189.7,758563.6,242227.3,460474.6,224326.5,310200.5,211454.4,710280.8,229121.4,332179,433889.1,288885.4,402326.2
glycerol,29061074,25543178,30238252,24076300,21750228,7496142,2939454.5,6741822.5,13484265,10176177,25775994,6699675.5,16028937,8854031,13863974,8755250,18577506,13342743,24465188,14755784,18306172,20335028,14750276,16193142,57539668,15951626,14679391,15384993,14249779,9000739
glycerol 2-phosphate,115260.1,222688.3,556671.8,144376.4,301475.9,22637,,104538,98368,,340041.8,106470.8,87692,,,61107,340748.1,485014.3,741142.9,212518.7,132112.1,775733.8,134880.4,1323455.5,361738.8,253209.9,100008,190674,149952.8,54851
glycerol 3-phosphate (G3P),2214229.8,3714293,12514115,4466516.5,7744204.5,365360.3,359744.6,5412317.5,1843810,206396,8453417,2304646.8,4170272.5,188137.3,270807.6,308695.3,6892611.5,12255762,10991369,9089158,3184193.3,15763878,2036353.8,26818986,4370856,4861348.5,1504357.4,6151921,3082245.5,1110521.6
glycerophosphoethanolamine,46054,54362,227044,117844,58495,,,,60865,8003,81578,,,,,,126734,,1794516.4,68058,,,,,309758,22384,50792.3,480218.8,31273,
glycerophosphorylcholine (GPC),2680835.8,6040071,13142266,4120302.3,6050449,579625.4,763984.3,5902137.5,1650784,286511.5,8164569.5,2938861.8,4007665.8,303044.2,380276.2,385036.4,7057378.5,13534818,8470350,3025084.5,1474045.4,14442443,4004657,17284104,3492115.3,6386190,969527.8,6232278,3091346,1356970.3
glycine,54802856,80332816,205625216,106477816,99765192,5861850,1990913.5,14739921,46463736,6621925,95638008,24040872,29027062,2814172.8,8534710,21873450,93928608,39477772,174533936,67216736,147297648,78095464,61185408,46863792,288413856,73003176,115614760,64947676,109130360,50830356
glycochenodeoxycholate,5074.9,28716.3,18751.1,5724.1,64417.3,123780.3,97567.5,17705.1,16393.7,69756.3,,19888.7,59062.8,33800.2,358492.7,4504,75159.8,8216.5,6482.5,5163.3,,,6795.1,27103,,,3898.1,11844.6,12313.3,13349.7
glycocholate,4677.9,5608.2,8366.6,,16704,9967.3,10674.5,,5175.8,7115.6,,,46283.3,11566,160525.9,,13444.2,,,,,,,7489.3,,5198.2,,4858.1,,
glycolate (hydroxyacetate),71322.4,91283,119610.8,92257.6,264592.9,119387,178322.5,143274.8,197990.6,170731.3,144186,94728.5,101046.9,226102.2,180203.3,158844.5,328888.9,126880.4,76056,407738.7,362334.2,264351.8,87305.1,139233,219738.4,250738.9,203177.5,283412.5,256414.7,181259.7
glycolithocholate sulfate*,5955.3,3495.1,2440.6,3213.3,20715.9,6703.9,12018.8,8219.8,10229,4312,4288,5178,6671.2,10062.6,36605.9,4711.5,12552.3,2412.4,4108.5,9301.5,,,,,,,3924.5,13910.7,,5429.2
glycylglycine,,19407,23468,21353,36909.1,14005,,,,6106,90092,,,,12592,28408,,24230.4,42465,44131,7399,24057,23637,12610,62847,34711.5,,29588.4,,
glycylisoleucine,19709.9,45449.8,27292.7,37605.9,24764.8,7883.9,,,15953.8,,39107.9,16825.7,,,,39198.1,28531.9,12639,26386.1,22581.4,32054.1,24490.6,18929.3,12144.8,100030.7,22012.6,15084.2,14401.5,19263.8,13479.4
glycylleucine,180504.3,608976.6,140518.4,308460.7,263950,29920.8,,28038.5,55885.4,,156271.6,67495.6,48681.2,,4971.4,567569.6,300849.7,135464.1,266094.9,66604.1,58257.7,106344.8,204758.3,55893,923268.3,183687.3,97974.6,119191.1,51449.3,26379.8
glycylphenylalanine,8272.2,11114.2,5637.5,9369.8,15764.4,,,,,,7534.3,,,,,6264.3,10309.6,,9831.7,3496.6,,6749.8,10107.6,,18702.7,5076.2,5629.1,5906.4,,
glycylproline,23775.7,75431.6,57388.2,25447.4,50762.1,42925,,36338.6,11326.6,22911.9,23552.5,15611.3,,15027.7,15424.3,36382,28637.2,28521.2,30284.8,20793,,17600.8,67387.6,32909,62209.4,33702.6,18742.8,22198.4,32347.6,19243.3
glycylvaline,17699.7,44009.1,31331.3,34539.4,33915.7,16928.7,10536.2,13287.5,34925.1,,26379.1,18530.8,15867.3,,12594.9,14083.4,33923.1,,32471.1,12641.1,,17402.6,48196.6,18775.5,44261.5,19335.6,23184.9,23088.4,21031.2,22418.7
guanine,390650.1,864814.7,927273.6,607535.1,481524.2,187242,68437.2,476895.8,468668.8,161382.4,268480.4,290543.4,349222.2,44052.1,195910.3,797225.2,889705.6,1234781.3,866326.5,569478.9,453343.6,533268.6,1375167.5,340644.4,621229.6,2032271.9,506383.8,751021.1,1228086,861403.3
guanosine,356310.5,1024913.8,962731.3,668728.4,540593.4,268746.1,156684.1,526958.3,586863.4,206101.8,590613.3,405518.5,461133.7,127977.5,209170.1,688589.8,1000421.5,733513.5,667685.8,578380.9,677407.2,952316.3,714618.3,273332.9,821102.4,1501226.1,731921.8,693509.3,830724.9,686085.3
guanosine 5'- monophosphate (5'-GMP),334404.4,124499.8,570704.3,293547.2,424964.7,,,120813.5,119683.2,,579375.1,247345.7,31131.6,,,97842.5,417844,357245,634299.8,280371.7,960965.7,585852.4,168072.9,763067.8,799115,11257.4,492574.7,216575.2,234898.2,
heme,68222.2,102348.4,38784.7,42108.1,223144.7,1850916.3,1507331.9,259250.2,60124,101983.6,37028.9,,192355.4,3322825.8,486649.4,165065.3,89920.9,319003.1,101749.9,125746,63287.9,95847.8,,4342677.5,146603.4,105492.9,31020.7,41764.1,393244.2,128109.1
heptaethylene glycol,99667.8,330380.5,129400.6,331185.5,275245.6,95989.3,355901.5,548330.1,238134.8,359059.4,167204.7,451537.9,190987.4,304016.5,168280.6,594436.9,419402.2,497797.7,154109.3,447355,600394.8,428436.8,252394.8,479727.3,403962,378128.9,221369.4,262522.4,375088.3,339965.5
heptanoate (7:0),,5680.1,,,6609.3,8361.3,23589.6,9855.5,,21216.2,4797.3,27422.7,5337.2,16432.1,13348.4,14518.6,3257.2,8439.8,,6949,,4170.1,7055.2,10957.9,,,,3433.5,4215.3,8225.8
hexaethylene glycol,104162.1,323054.1,162174.4,322798.8,313978.9,94616.5,456124.4,559052.8,249681.7,390518.5,205143.2,457166.7,169385.8,381430.3,202690.4,627056.6,455414.8,556493.3,167183.8,537558.1,724925.5,550388.6,258975.5,547486,437963.3,427519.7,230379.9,269390,443974.9,340012.9
hexanoylcarnitine,952145.1,308852.6,304419.5,139487,319652.8,38675.8,32812.4,185778.6,337441.6,63264,491309.5,205940.7,141328.9,25601.2,52030.2,128959.3,179077.9,134379.9,691685.4,415655.5,59106.6,51840.7,246430.6,88129.6,205027,219855.1,1421037,191140.2,270495.9,198726.4
hippurate,175876.5,23290.7,12739.8,93284.7,34808.3,201328.5,177006.7,68088,39168.9,158823.3,8008.3,26538.3,173388.1,214373.3,70112,64947.9,113344.3,108508.5,129669,194037.9,11015.8,30149.5,165332.3,134360.1,66863.3,74446.3,66062.4,128262.4,5821.8,262070
histamine,522400.5,575924.4,472375.4,823609.5,2135843.8,328373.7,249729.1,752490.7,610017.7,402665.8,54750,227243.8,768536.7,91525.1,213166.3,173705.8,508704.9,209724.1,478657.4,884020.5,223757.7,211445,557257.7,28250.7,183662.3,22222.8,653134.3,867483.1,338410,946673.6
histidine,148296.7,180695.5,184731.7,146099.4,188242.1,100105.9,95117.8,128131.5,129307.5,96789.5,144643.1,75224,132565.4,139513,81962.2,143517.9,235185.5,118595.6,243479.9,116972.3,127418.2,117011,234211.3,106553.3,275117.7,171574,137812,124657.4,168810.5,167076.9
histidylleucine,2258.5,4069.9,,5471.6,7211.1,,,,,,2503.8,,,,,,,,4536.6,,,,4657.7,,8297.2,,,,,
hydrochlorothiazide,,,,15113,,,,,,,,,74592.4,,,,,,,,,,,,12683.3,,,,,
beta-hydroxyisovaleroylcarnitine,121677,96060.8,444383.8,69779.7,173435.5,18156.4,12636.1,78453.1,91546.7,27190.8,104633.2,73679.7,31820.7,49454.9,28747.9,75505,140399.2,32522.8,116045.5,117841.7,1445193.9,39642.3,183283.1,117054.7,41478.8,170714.1,206950.5,35571.4,108985.2,242526.8
hypotaurine,334446.2,582209.8,674572,576334.4,1270961.9,43254,50839,569898.6,391456.9,,5348261.5,1491484.6,289216.2,36132,42562,1081731.9,1990910.1,1184050,2576683.3,507838,1714261.1,936245.3,1287883.3,923901,764440.8,1923537.5,2357899.8,350308.8,689680.5,385132.2
hypoxanthine,393941.5,480561.2,734095.7,534209.1,528605.6,59284.5,45955.2,254189.6,293651.1,96766.6,681297.8,171215.8,281930.5,76553.3,97351.4,421924.9,620152.8,535037.9,737390.5,378795.3,390923.8,564125.1,569074.6,381064.8,719987.6,885087.8,535116.4,559439.3,617827.9,389016.5
inosine,1107280.9,2166455.5,2647955.3,1969121.6,1634822,357044.2,348504,1209929,1413190.1,515958.1,2573341.5,897871.1,1567828,293048.6,542453.5,1211503.6,2416502.3,1151951.5,1779913.8,1315200.4,1677897.6,2328311.5,1182336.5,1106925.1,2316350,2267249.8,1588466.5,1633280.9,1039954.2,1239372.6
inosine 5'-monophosphate (IMP),72016,17284.6,96258.5,66626.5,314460.4,,,59315.7,40305.5,,105889.1,68940.3,28273.3,,,30521.4,135014.2,78976.4,84979.7,275951,1300236,548819.6,49244.4,214110.3,87496.6,,213470.2,66638.3,65249.9,
inositol 1-phosphate (I1P),626739.6,659586.9,394532.2,542455,308648.7,94437,46250.9,315673.1,336572.1,96932.8,281781,574366,139336.1,83031,166705.2,922968.5,614279.4,475210,616641.1,312579,450517,391966.2,373812.3,1294278,796890.3,681316,142073.2,267677,341283.8,158963.9
"Isobar: fructose 1,6-diphosphate, glucose 1,6-diphosphate",15329.1,123255.4,7849.5,53030.6,32592.7,,,13904.1,8453,,49507,35175.1,9870.1,,2166.9,245678.1,204208.2,83161.4,28922.8,30585,71039.7,354797.1,23889.7,292876.9,31105.3,247144.6,62136.2,81416.1,30522.1,15671.5
ribulose/xylulose 5-phosphate,91490,178954.9,,184546.6,172243.8,10235,12827.6,147140.6,103847.1,,64527,125040.6,89997,28617,5762,262563.3,461660.1,243950.3,216604.5,222380.2,168385,675073.3,111500.8,480340.6,172601,640317.3,157898.1,426245.2,100029.9,69020.6
"Isobar: UDP-acetylglucosamine, UDP-acetylgalactosamine",211021.1,226628.2,388016.4,312101.9,333820.3,8888.9,4053.8,167167.3,158788.1,,1545364.1,58025.2,76010.7,7589.3,,70926.5,448442.2,159435.4,647735.4,407637,1322678.3,602656.1,21953.7,642759.9,793640.1,48559.1,355044.2,259869.4,222721.7,29099.6
isobutyrylcarnitine,76139.7,34692.4,498469.5,100466.9,370348.5,56885.6,30238,46813.3,132843.9,31998.9,1890483.6,188252.6,31871.1,53984.3,85615.4,286065.4,317657.6,711805.3,399854.1,81917.9,348424.1,20712.9,1652286.5,283590.9,38352.2,514924.2,783194.4,15699.8,933134.9,253230.2
isoleucine,6583707.5,8438222,7707374.5,6084544,6077957,1978685.8,1060253.8,2306915.5,3954633.8,1866103.3,7709552.5,2038553.9,4089514.8,2384208.5,2038228,3486753.8,7505888.5,3809368,6472834,4472868,3406061,4993494,7328593,4076134.3,10724242,6787352.5,4913226,7177160.5,5015172,4397278.5
isoleucylalanine,22696.7,47697.9,42200.3,41287.6,41541.4,15654.3,,37795.1,18031.4,,39485,19487.4,,10246.5,,53365.5,38076.4,26814.3,43691.3,20080,12263.4,26708.6,42855.6,18705.5,79882.7,31126.9,22397.5,25565.6,22618.1,15849.7
isoleucylglutamate,26448.7,32957,19383.8,41570.6,,,,12372.4,8918.7,,10319.1,,,,,9763.4,10068.6,13448.1,23381.6,12204.7,,12877.8,12169.3,7522.9,57662.6,13465.2,15078,18172.2,,
isoleucylglutamine,26715.5,69465.9,22397.7,59157.6,67221.3,14810.9,6242.9,,16779.6,9922.4,36057.1,7838.6,13592.2,,12458.4,29125.3,33302.3,14035.1,51598.9,21174.7,8263.6,27385.1,43325.8,25872.8,238319.5,35740.8,25416.2,17911.3,13031.5,
isoleucylserine,61459.8,91453.9,51093.8,57789.9,28300.8,12334.3,,14210.2,23441.4,7326.6,30118.8,17681.9,19765.4,,,26148.4,60571.9,33968,67082.2,38211.5,31632.5,54744.6,44248.9,20889,107767.4,38247.7,48277.5,26008.8,56194.5,17861.4
isovalerylcarnitine,112888.1,21567.4,1009769.3,241707,1106903.4,101028.9,36694.5,25156.2,57921.1,44710.1,4591256,136908.8,25392,58703.1,97134.7,232143.7,437370.7,1018446.6,120016,59272.3,160714.3,,375510.5,6817080,331948.3,154384.9,740905.5,13915.1,2154808.8,139426.1
kynurenine,113406.2,242235.4,604797.2,142087.8,131002.3,43591.8,70479.6,62434.1,166423,21984.9,1122844.8,184874.3,228377.8,95936.5,37868.5,47914.7,1023426.1,431399.3,135352.2,138215,104233.6,646999.8,252277.7,475479.1,285346.7,857415.4,353229.3,707319.4,404034.4,95557.5
lactate,412419712,435368224,346487392,460188256,320432576,55299600,31879424,82658120,329262336,78077168,427373504,93253704,289355232,70162296,119836104,113864160,294468448,270642048,528871744,225546208,341549056,263400416,302663872,376989664,533171584,296809664,447241344,377240320,277337792,170021536
lathosterol,,,,54959,,,11748,,26711,,27862,,,,,,,,43221,26678.2,355129.2,,31135.7,100833.6,48776.4,,,28475.2,184544.7,
laurate (12:0),770795.1,549806.8,618988.6,343812.2,579496.9,1096851.5,1691859.4,1094293.1,599099.4,1583272.4,370867.3,1303375,682709.6,1487313.6,845718.9,1315581.5,496061.4,825136.9,352018.3,676847.8,337086.9,378290.1,641386.8,714202.9,392425.1,534026.4,366018,436298.4,466084.3,680636.5
leucine,10738558,14928752,12789489,11004616,12627465,3706180.8,1993100.6,4785832.5,6728475.5,3440553.3,13850544,3811896.5,7662846,4059464.3,3072775.3,6965482,13089990,6238583.5,13143973,9467719,6517955,9148697,14560615,6951198.5,19878042,12210042,9559919,10822513,9844996,9228153
leucylalanine,29073.9,43542.2,45842,51028.6,64818.4,,,18402.8,18120.6,,22380.2,10219,,,,47626.5,48186,19607.6,43944.9,23353.3,,18050.6,53402.3,35916.7,117654.8,20847.7,,18606.8,15608.9,
leucylglutamate,23663.9,61304.9,28428.7,57724.3,44697.3,,,13710.5,16231.8,,28555.7,12400.7,13932.3,,6468.7,38232.3,29038.9,13507.7,40967.1,21946.8,10109.8,25127,40933.3,14251.8,136047.6,20388,18913.7,26198.2,21073.3,17651.4
leucylglycine,28516,62788.7,24422.5,39682.4,52756.1,,11245.3,25360.6,19745.9,,29218.7,12228.1,9237.9,,11080.3,48991.6,24496.8,31855.1,67644.9,29866.1,29935.3,22151.8,51591.4,27806.1,176599.3,26682.4,14031.4,23094,29181.7,19006.8
leucylserine,18926.1,53627.8,,15829.8,,,,3448.9,7327.5,,21757.8,7084.3,,,,11702.6,11921.4,9307.2,,4035.6,6379.3,18900.1,14167.2,,35667.1,10534.8,12173.3,7371.2,7403.9,
lidocaine,123256.8,75278.5,1613470.6,129625,2215313.8,29675.6,252094.6,5939318.5,53200.1,219897,81329.4,326005.5,102615.6,414720.5,86246.1,701789.7,723495.6,327967.3,386434.7,55530.3,55494.8,12626034,531791.3,88981.7,118296.3,174370.8,2627268.5,475597.4,28704762,501780.2
linoleate (18:2n6),26318850,6679183,12651085,9657668,10316462,14549282,5993692.5,4746382,9892265,9689020,9846987,8060096,9265602,9300165,8234561,8742185,10730125,8637600,8743736,7575055.5,4182813.5,7346114.5,10379367,4328979,17850354,14838501,4835759,7118662.5,8961674,8416993
linolenate [alpha or gamma; (18:3n3 or 6)],1469969.4,371527.9,674689.3,359243.2,428034.6,1142576.6,474529.3,138162.2,515183,427895.2,513706.4,353155.3,504171.3,621027,408009.6,548900.8,1728788.3,406706,512755.1,432321.2,131607.3,547532.3,780351,385648.5,2370382.5,997467.4,230629.4,316609.3,782730.7,407970.6
lysine,345893.5,714383.4,467228.9,502332.1,637747.5,212887.9,138779,308426.2,197057.7,222664.8,441436.6,238718.3,423485.5,219581.2,191607.9,398765.7,521322.1,323789.2,566809.4,373779.3,246957.1,245503.2,596499.4,399693.6,666605.7,413991.2,459992.2,353802.2,445008.5,387478.4
malate,689167.8,1538045,3214237.3,1623636.8,2480651,130519,126973.1,1130101.9,1015851,106112.1,3134762.3,764265.6,690101.9,87290.9,300706.6,1170287,1992588.4,1864890.1,2326725,1352490,3364152.3,2831697.5,2374154,3722476,1743261.5,2213231.5,2865547.3,1119367.3,3082820.5,825469.4
malonylcarnitine,29233,37465.4,280524.6,38039.1,72443.7,,,193029.1,36812.2,,,,15241.8,,7731,16158,8079.2,15311.8,31341.4,104839,127214.2,34133.7,28517.5,27109.3,,23985.5,37393.4,63102.7,18517.5,43844
maltopentaose,16360.3,38015,,10246.3,,,,10403.1,,,15628.7,10658.5,6804.6,,,3501,15725.2,7342.3,21016.6,13311.1,,8283,10171.5,20078.7,33500.2,22255.5,7825.4,14713.7,53264.3,15811
maltose,1047759.3,1720183,257103,860156.8,557441.4,309642.8,73479,319433.4,258887,163494.3,693395.4,217096,281401.5,141940,109112,823248.7,1048104.1,632539.9,7654501,994969.4,386568,797517.1,1061828.3,1655048.9,4086430.3,790722,465751.7,925834.7,4396685,442162
maltotetraose,136218.4,279259.4,23439.9,110849.3,62915.8,44914.2,14458.6,104409.9,49087.2,24096.6,147251,111263.1,88056.9,17012.1,9209.1,82097.3,217817.5,79107.3,177637.6,184320.7,31870.3,70107.6,110901,258525.7,223098.1,194497.4,52404.1,192423.4,603689.3,170730.4
maltotriose,671699,1798065.6,298476,924743.9,422995,349917,66125,585999,315118,267296,1527095.4,515896.7,461246,64765,131171,558971.3,2033963.5,519977,4480762.5,1445433.6,271931,1161898,993909.3,2886897.5,2902085.8,1138356,356114,1396444,7052053,675781.9
mannitol,80677.2,795362.4,171237,523319.1,163320.3,109978.8,32240,88414.4,124893.4,32988,471037.1,427970.2,100615.9,348409.5,235071.6,86453,103848,,195200,417691.4,589432.1,122217.9,113572.5,78525,,95333,89087,141498.8,65877,33339.1
mannose,583595,839020,349901,1190940.3,572453,1082254.5,1131836,392548,1352797.5,695875,229240.3,513137,1716070.3,959992.8,657611.9,1186216.3,2383595.5,272493,676170,3649026.5,815850.9,4682759.5,564835,979138.3,487340,3380687.8,726749.7,1974892.1,1259706.3,1030750.6
mannose 6-phosphate,,92413,46682,89889,177142,,18649,31280,38916.9,,116214,,66167,,,306588,731341.3,73583,127069,122713,255427,752915.1,97057,225851,53188,1498912.5,153023,241294.4,31375,55918
margarate (17:0),645756.3,318323.7,871546.4,489719.7,403848.2,586043.3,266647,213730.5,331400.5,442693.1,488539.2,279119,489935.1,356530.7,309821.2,388303.9,386601.1,470847.3,386106,312898.5,302062.3,364301.8,370539.5,266812.4,545686.5,479564.2,241496.8,380266.1,517606.9,417229
mead acid (20:3n9),,820277.9,,1157691.8,,,24620.2,82731,,87430.6,,362997.3,112003.1,58766.5,535246.8,284981.9,1150209.1,,1663157.5,,316191,,455709.9,915462.1,,,1761460.6,314382.8,689646.1,
methionine,1661745.6,2444719.8,1909970.9,1881366.1,2445768.3,586968.6,373102.6,896967.5,1100890.1,583926.4,1811887.1,682141.6,1189125.3,609763.6,566053.6,1323789,2497536.8,1239796.6,1909801,1624573.3,983435.6,1559405.1,2444737,1155571.6,3288362.3,2636333.5,1533298.8,1828987.8,1625283.5,1687207
methionylthreonine,4436.8,3562.7,,3981.1,5643.3,,,,,,3713.7,,,,,1891.4,3269.3,,3110.9,,,2132.8,4008.1,,12100.4,,,2018.3,,
methionylvaline,,20412.2,27725,28161.5,36310.5,,,,,,,8263.1,,,,51549.4,,26681,69050,8138.9,11317.4,,15083,25247.1,46289.9,,,,27492.8,14742.3
methyl-4-hydroxybenzoate,,,,,92829,,46210,142155,,,,136619,38913,30285,,121220.1,,52013.5,,,,155945,60369.9,73939.8,,,,,1684460.9,
methyl-alpha-glucopyranoside,324837.6,1050616.1,85590.9,770447,387038.3,,,139299.4,142798,,106192.6,63159.1,30491.9,,,158917,102259.7,172763.2,850630.4,63321.9,753650.2,240913.1,163428.4,70526.5,727558.7,254361.7,797744.3,162448.2,200248.3,35543.5
methylphosphate,8824552,14376400,26967984,18040130,16582059,1675934.6,1091105.8,5189823,9423314,1698543.8,28718902,2827110.5,9482331,1013542.1,3897927.3,9585184,48167316,27321212,16699212,12361133,41308228,61960244,11313937,5466386.5,22537260,22539858,29795236,18666810,39870320,10194400
myo-inositol,57944868,107900832,80013264,100053584,54643936,11608457,12237757,64390128,32763154,32071752,155995360,19129630,141245104,9760883,30361796,118084432,148378688,69338432,56674576,93808312,156950880,111954160,62847492,160329152,221374640,119187784,67712584,102698616,100768080,61314112
myristate (14:0),4202451,2680677.3,2662668,1326822.9,1815294.3,3461602.3,2445032.5,1701096,2047044.4,2625981.5,1393570.6,2066501.1,2173369,2728417.8,1887556.4,2229332.5,1749161.8,1728962,1863787.8,1707672.5,1318708.6,1653695.3,1979606.6,1622562.5,2017368.9,1833608.1,1609621.8,1703874.9,1707147.5,1754955.4
myristoleate (14:1n5),619642.2,193410.3,171309.6,83499.4,127598.6,345490.7,183930.3,110301.4,83729.6,169524.1,107410.7,159225.2,127070.5,206724,127469.1,221709.6,139536.9,188264.3,98850.8,149503.7,62939.2,97111.3,184204.9,177112.2,254396.3,130382.8,129405.1,97446,165660.6,97477.5
N-acetyl-aspartyl-glutamate (NAAG),33408.2,116556.5,84985.8,62207.7,276073.6,,,18187.8,100281,3405.5,57133.1,18370.9,,,,111250,293508.6,987656.3,1791832.9,100681.6,25076.6,847187.8,49553.1,87304.1,344548.6,103180.6,25755.8,26207.3,17307.4,
N-acetylalanine,47354.3,37339.7,47446.4,41258.8,37352.6,5356,3275.7,21471,22622.7,5653.4,74864.4,18967.2,15000.1,5223.8,21127.3,15725.7,53266.8,27256.8,25189.3,24037.4,27830.9,47923.7,33059.5,35554.5,65192.5,78331.7,38588.1,37722.3,44281.1,18827.5
N-acetylaspartate (NAA),145749.6,365024.7,352445.7,145392.2,704865.9,6149.3,9378.4,77337.7,343326.7,9007.7,68226,50838.7,78170.1,,12787.2,92615.6,400967.7,983648.1,4116582.3,174232.8,15536.9,1647728.8,199024.7,154222.3,988450.9,597593.3,107581.1,98045.2,55036.1,46926.9
N-acetylglucosamine 6-phosphate,46629.2,94295.3,67461.9,72868.5,41276.7,9246.2,11277.8,34603,40322.8,25718.8,52589.9,37622,34448.7,8065.4,25034,60855.6,43033.4,32476,50770.2,46487.3,40349,20460.7,48909.9,34099.9,50389.8,173809.2,29165.1,58330.8,50410.4,81287.3
N-acetylglycine,,144236.8,82600,295847.5,74464.9,,,,234768.2,,68435,,80477,,,43654,98063.4,,177127.3,97842.5,47092,87273,,,130205,79219.5,227764.3,171837.7,56609,184715.8
N-acetylmethionine,86369.9,160798.2,120880,120838,111382.6,7604,4362.3,147257.7,48039.2,17904.2,196837.3,28842.1,31171.1,5968.6,20487.8,92081,165249.4,72718,156556.6,105307.9,68552.7,160498.1,134620,88526,139235.7,279628.4,144032.9,122441.6,189983.8,95195.1
N-acetylneuraminate,414950,442288.1,1554043.5,664984.9,481066.7,66371,46120,440073.9,282617,261831.5,32176,90483,294248,67408,125547,443888,494437,182447,5218741.5,505185.1,333387,931658.6,487064,843208.3,1569818.8,487895,411084,728454.9,557371.5,409897.3
N-acetylornithine,35738.4,45036.2,21609.2,34523.3,59661.7,,,49284.8,113694.2,36784.9,8787.5,37258.5,35995.8,63774.1,27849.2,28129.1,69498.1,57519.5,159968.7,69260.5,47699,,69143.9,47858.6,70776.7,59249.5,49907.4,21111.4,52012.8,62339.9
N-acetylserine,115271.4,57817,76996.9,62777.4,69607.8,31548,32418.5,37823.6,37335.4,18680.3,162633.5,62390.3,49998.4,26539.7,28635.8,43678.4,216336.2,76370.4,62026.5,57981.9,78357.2,127972.6,78363,46276.4,134031.6,154051.8,73625,112406,104216.7,59039
N-acetylthreonine,64271.4,67615.6,62434.4,53252.8,55960.8,7798.6,3379.3,15110.7,26827.4,7958.6,80458.4,33108.4,19885.8,9911,45520.2,25574.5,71037.7,40859,34806.3,35315.5,20821.3,42790.5,46781.4,29261.9,67318.3,82478.3,51881,63530.3,33787.9,31840.4
N-ethylglycinexylidide,,,223391.2,,15213.9,,34569.6,27462.9,,,,,,,,34971.4,123971,38559.3,159377.9,,,257414.9,30252,,,,102543.3,49449.8,911760.4,55083.7
N-formylmethionine,24851.4,19610.9,10825.6,14243.1,12971.2,,3832.8,8117.7,10895.2,3662.6,22786.8,13786.4,6770.3,4810.2,27988.5,3773.6,33153,13919,18100.3,7991.9,9094,16330,13151.2,13866.2,35336.4,16261.9,15079.5,39169.7,10786.5,9262
1-methyladenosine,59491.8,66885.4,50524.7,52706.7,69405.5,21532.1,17464,30537.2,48458.6,19473.1,74244.9,42272.1,45907.3,18447.6,25557.3,32662,69709.8,38520.6,56633.7,49954.9,52094.4,53282.9,79115.4,46360.5,75399.6,91097.1,56532.7,30086.9,36254.7,34245.4
N1-methylguanosine,23706.8,43445.2,14665.3,20602.8,13740.5,,,,,14822.8,26076.3,21611.1,18542.2,5271.1,6789.3,9874.3,20099.2,13274.7,23932.2,,13064.2,13873.6,35983.4,,29234.4,39848.1,21250.5,30824.6,23832.7,21990.8
N6-acetyllysine,71306.4,97903.9,111325.3,126971.9,123371.4,19347.4,12660.5,28895.8,61950.2,14399.9,97595,38985,66537,24745.2,23324.1,80500.8,127192.6,46469.4,78946.4,45851,39580.2,67040.7,104490.2,64388.7,155226.5,119033.9,90169.4,90428.1,88854.4,58501.5
nicotinamide,772797.4,718108.4,1313623.5,948909.9,557186.6,119431.6,223931.1,515358.7,612094.3,233921,2507787.3,478882.4,640983.6,157837.5,474717.4,450360,1140916.3,689883.2,1046538.4,909153.1,582230,1029514.6,462708.4,1276518.9,2300069.3,1155748.8,1009225.5,1184880.4,555885.3,676360.1
nicotinamide adenine dinucleotide (NAD+),711574.8,195828.6,718186.8,1167424.6,1556250,80809.9,24665.9,431162.1,77216.8,12651.7,703121.9,161264.5,25123.6,14010.9,25403.2,63886.5,12365.5,1882308.6,1404885.4,60352.8,1746244.3,127384.8,43678.9,957240,1678731.5,9610.5,50741.9,58317.9,272647.9,38708.7
nicotinamide adenine dinucleotide reduced (NADH),43413.6,68803.5,8328.1,139291.6,104886.7,1944.8,2067.5,54993.2,33312.9,,16800.9,93884.8,14928.4,,,13275.1,5682.3,306090.9,19761.8,28131.9,115313.4,35677.3,13832.5,159181.5,24368.8,1598.3,30732.3,34112.8,36408.1,6565.2
nicotinamide ribonucleotide (NMN),26451.8,25318.5,30899.4,84875.3,62271.7,14201.4,,16202.6,,,,67172.6,,,39538.9,,,53555.3,31869.9,,,,,6872.7,27569.5,,,16135.5,14118.5,11683.1
nonadecanoate (19:0),128720.1,64144.5,168173,126071.3,90701,60947.1,41237.9,54235.4,82076.3,41159.9,49122.9,42249.9,69295.6,53061.7,76308,79400.7,51710.4,167802.4,41336.4,64814.3,122956.2,36803.2,94747,30156.6,103354.6,54072.5,26866.9,71993.1,86358.3,75917.5
oleate (18:1n9),7457128.5,3389638,4401092.5,3226776.8,3794213.3,3744191.5,889611.8,1999224.3,2306098.5,2242275,2843332.3,4075820.5,1735260,2319620.8,2044566.8,4234117,5280094,3548073.5,3882631.8,2888148.3,1334419.4,2095793.4,4749599,3410145.5,11176917,4087956,1705058.6,2516654.3,4497393.5,1494565.6
oleoylcarnitine,1342119.9,3018827.5,79550.6,1924051.3,943893.1,140058.2,180094,1059140.5,462439.5,629312.5,6742946.5,1127311.6,3493914,314056.4,1290923.1,2675502.5,642590.8,4015669.8,347751.5,626451.3,927854.3,122644.5,1864635.3,1879483.3,324966.2,289816.2,1216252.6,549962.4,260250.9,1149144.5
ophthalmate,286204.1,451305.1,19614.3,93053.2,861378.3,47360.8,105759.4,153937.2,354410.4,35479.2,399636.4,18188.4,300890.1,37138.9,49274.1,151421.3,272200.5,545545.8,410354.9,122952.2,347299.5,447496.2,202571.1,120094.5,586281.8,729806.9,219299.2,807541.6,47785.3,152195.1
ornithine,354122.1,743218.6,231028.5,218030.5,818514.4,456406.8,100035.5,314320.2,297085,196418.5,124370.3,394703.7,301054,381890.5,116252,135961.7,790218.6,231277.8,594073.9,422781.7,234876,154225.9,405897.3,302561,364400.1,514349.1,651975.7,455155.2,648988.1,384935.3
4-acetamidophenylglucuronide,24151.3,,7579.1,,,,,,,,,163030,85176.8,,4882.8,,,,,,,,11333.4,,,14068,,,,7080.7
p-cresol sulfate,201434.4,87823.9,202822.7,264583.5,111295.8,263994,130226,60789.6,63870.3,453613.6,49313.8,391981.4,905750.6,334588.9,223727.2,214381.1,106981.9,234228,246155.8,190404.3,137387.2,23394.4,118759.6,414968.9,98794.3,101280.9,266332.6,51763.6,5694.4,40458.8
palmitate (16:0),20452494,12296996,24586786,12091997,15466143,24811526,12714535,11514579,15412954,19191780,14753129,13597399,17860528,14741231,11546511,17547928,13950696,12687236,17767246,13401547,10286730,14486744,18621810,12434840,14007100,16041684,15152808,15244385,14713961,14348675
palmitoleate (16:1n7),19266564,4568301,4140804.8,2455301.8,3508579.8,5789112.5,1988152.3,1392981.8,1958272.6,2561536.8,2339904,2709131,3148119.8,2603710.5,1590434.9,3489750.8,4220628.5,2718035.5,3867459,2365137,909806.1,1783102.1,4584091,2792536.3,10290239,3754016.5,2792432.3,2182283,3807541.3,1609940.5
palmitoyl sphingomyelin (d18:1/16:0),2935703.5,3192835.8,10029159,3149655.5,4159808.5,1730970.5,1462193.3,6962131.5,5186056,2936332.8,3147311.5,22865368,2330837.5,1610364,1685470,13324859,7281210.5,8284423,11735648,7722258,4150146.3,6083437,5640638,8140132.5,3381442,9813208,2813102.5,4337677,4791261,2711720.5
palmitoylcarnitine,1283776.9,2626509.3,72063,2324391,504427.2,182579.8,316335.4,212151.8,282301.2,392913.4,6849817.5,1145608.4,4303644,301801.8,850905.6,1886777,528905.3,2080031.8,463840.8,576162.3,813565.9,184553.1,2718452.8,1616327.1,250450.1,250979.6,3162391.8,591698.8,223008.5,990204
pantothenate,228728.4,286755.1,462440.1,294621.4,148120.4,14082.8,39060.6,128699.9,916530.5,32874,197828.6,894291.2,333957.1,62400.9,144478.2,123426.2,136651.2,285804.4,426432.4,734666.5,439243.3,160277.4,171845.9,1024437.3,597208.7,252474.6,260427.2,169230.3,156578,83671.7
paraxanthine,118574.5,44407.3,,198146.9,96698.9,172538.6,22867.6,109655,21354,53977.3,25147.2,,237674.4,82165.6,52253.6,,29659.3,15460.5,104650,69107.8,51567.3,,87161.7,75911,45444.6,75630.4,38831.9,47673.4,37175.9,104614.1
pelargonate (9:0),70647,77564.2,102125.8,68180.6,87451.5,75432.2,467623.3,230614.8,82794.6,406152.9,66964.8,326402.5,90490.7,243661.6,168971,241057.1,83998.4,122411.4,53905.6,126009,77271,62883.1,102003.3,168440.9,67350.5,78376.2,60536.5,59209.9,71961.3,127048.2
pentadecanoate (15:0),711405,360405.7,564190.6,355237.2,434831.4,520905.7,440066.6,402304.7,463784.4,533532.7,403736.3,364546.9,477826.1,507740.3,341670.1,492417.8,379589.4,394077,447502.3,391786,462640.3,399759.1,360342.7,397327.1,305574.6,317597.8,388940.9,394653.7,374112.2,444513.9
pentaethylene glycol,102450.1,227870.4,147446.8,239676.7,273001.8,91314.7,479165.1,347639.4,245347.8,365186.3,223750.9,308806,168356.3,351298.4,202577.9,397390.7,370526.9,447174.3,168551,415483.2,641264,468517.7,178414.4,461432.9,408099.4,330143.5,248507.4,317685.6,329886.1,298087.4
phenol sulfate,42504.9,65062.4,142325.5,21941.3,56795.6,52688.5,106620.6,16217.4,32342.7,46645.4,16780.3,300753.7,24344.2,88293.6,23339.6,5702,23491.9,109859.9,23524.2,23816.1,49249.5,15489.8,16275.7,130043.3,68375.4,44155.2,20578.8,25358.4,149667.6,25011.7
phenolphthalein beta-D-glucuronide,,,,,,,,,,,,20235.8,,,,,,,,,,,,,,,,,,
phenylacetylglutamine,35801.6,9308.4,18492.6,30611.8,16218.4,60247.1,10210.7,10774.6,37144.9,45687.1,6480.4,129704.4,112963.7,33898.8,82264.7,29892.7,13356.1,29939.9,24752.3,21109.7,11787.4,3373.1,17934.6,51822.4,14861.8,20573,45786.3,5984.6,8329.7,11702
phenylalanine,7982356,10921580,9046815,8523704,11942330,3498830.3,1736041.8,3945913,5534125.5,3034832.8,8963309,2820572.8,6401312.5,3537400.8,2733624.8,5958704.5,11156860,5289113,11561557,8423482,4972285.5,6549421.5,11125962,4633472,14804332,8675211,7339916.5,9092577,7950864.5,8538785
phenylalanylserine,5211.6,22145.4,,14969.3,19978.4,,,3261,,,6211.7,3987.9,,,,13832.8,7220.6,6440.3,14865.1,3851.7,2704.1,6809,17133.7,4253.2,56040.6,4035.5,3777,3054.5,3632.9,
phenyllactate (PLA),24242,38003.2,15465.3,14404.9,11389.5,,,,3625.8,,26664.5,23757.9,,,4473.8,2958.1,12553.8,,,,,5314.2,8437.8,11194.3,4888.7,15411.9,7745.8,11335.5,10325.8,6059.6
phenylpyruvate,5627.8,21719.1,2795.6,6919.5,4337,,,,2688.7,,50637.4,,,,,,21353.1,,,,,4600.4,4268.5,,,40400.5,12271.6,12695.8,2235.5,5613.1
phosphate,314818528,364721344,501908320,173463792,371423552,136752720,77115792,250867968,264127840,129478016,553467456,218403568,215191696,79100664,113402112,288619424,477451424,412332544,276500000,329828832,298516800,422040832,314006176,472882304,292664896,444213440,362658752,311860256,405656416,203996416
phosphoethanolamine,372478.2,555598.7,281974.3,500596.6,393046,26081,68196.4,521471.2,345306.3,74972.2,950090.4,410300.4,358307.7,26368.4,51033.4,394524.7,504752.5,575174.3,362939.6,418467.9,503726.3,488963.8,469492.3,302601.1,228523.4,567205.3,439224.3,471105.8,124587.7,270169.9
phytosphingosine,27873.5,892772.4,28920.4,73388.8,29819.9,20271.3,32793.4,39900.9,36628.3,39186.9,27690.4,83837.6,73726.9,62330.1,33635.4,,35685.8,280628,37382.8,55315.4,81808.3,22815.1,169036.7,,16439.9,34140.9,88406.6,46922,34640.4,47138.1
pipecolate,82949.9,,55480.6,,39700.4,56449.9,33991.1,22004.1,61701.1,27741,57024,38661.9,66090.9,39382.1,32502.1,37649.3,65043.7,19767.4,103941.3,146340.2,39145.6,98141,91885.6,131380.5,113814,106721.7,57448.8,40298.5,71040.6,83056.5
piperine,127809.4,,86017.3,69179.9,147320,270027.7,54740.2,37759.3,67727.5,125287.7,147823.8,63036.7,110786.2,26463.1,637504.3,,184391.9,36201,103442.7,144925.8,191649.4,111782.5,245876.5,21227.8,79229,109792.2,84116.6,144304.8,104929.4,159477.6
pregn steroid monosulfate*,5183,7018.3,,3395,3865.9,3705.1,10684.7,,2867.4,5974.1,10026.7,,,20898.7,18859.2,4528.6,7466.6,3346.8,4209.6,4411.3,4426.8,,4083.9,,4979.7,7344.7,,7057.5,10460.2,15269
pregnanediol-3-glucuronide,,5879.4,,,,,17534.6,,,,,,,,6717.6,,,,,,,14280.9,4179,,,3272.2,,,,
pro-hydroxy-pro,417698.6,545549.7,268267.6,244644.5,207201.8,77502.2,52320.6,83346,127213.1,136129.4,50031.9,174345.9,233153.6,76357.9,55767.6,59814.5,109613.3,279690.1,89743.7,140485.2,26746.1,142202.2,366541.8,89403.3,322040.1,132622.1,218956.7,235014.4,127794.1,211917.3
proline,6254745,7537538.5,7913652.5,6164720.5,6966236.5,1627939.5,1256783.9,3387306,2844406.5,1569137.1,7237009.5,2691639.5,3776756.3,2231402.8,1643401.6,2647177.3,6305445,3432622,5654501,4930120,3099656.3,3412648.8,6749048.5,4843223.5,11693961,6579632,6607779,5064783,4819865.5,4379046.5
propionylcarnitine,1688355.3,125129.3,490265.8,187663.2,507498.1,130143.1,74058.6,627903.5,368917.6,70171.8,548035.4,386351,179150.7,112118,142907.3,247272.4,905073.9,311526,1429437.6,608116.2,878966.4,150559.8,547351.9,408790.5,1317745.5,673945.2,841695.4,173494.3,1323173.8,306346.4
pseudoephedrine,,,,,,,,,,,,,,,,,,281269.5,,,,,98361,,,,,,,
pseudouridine,36899.3,41617.1,30001.2,46571.3,34681.9,30217.2,30676.9,31211.1,46243.4,31460.4,42960.8,64218.8,56363.3,38619.9,25361.8,28661.8,39336.1,34439.8,29873.7,41297.3,26652.9,26659.6,52195.6,55916.8,38208.8,44806.8,33981.8,41131.9,39308.3,36784.5
putrescine,184565.9,682164.6,896258.6,175872.8,423366.1,,,96933,80119.3,,1156964.6,296190.2,84021,,,56040,854279.1,311020.4,1112084.6,96490.4,3077156,134428,212796.2,343904,3007577.3,150002.4,1631868.3,156909.6,210406,66589
pyridoxate,4388.7,,,,,2569.1,7009,1493.8,9416,,,35325.3,9877,13371.9,3205.8,,2005.1,,,6018.6,,4930.3,,6396,,,,,,1118.9
pyroglutamine*,32022.5,100686.9,61464.7,99447.6,421736.4,22509.2,132838.5,118884,89364.6,38089.7,184827.9,95985.3,123635.5,82946.4,27081.4,51314.9,65757.5,156018.6,118685.4,89326.3,33846.8,38483.7,30921.2,203750.1,212188.8,30064.2,52897.6,126505.1,81476.6,118003.1
pyrophosphate (PPi),,,,,,,,,55114.8,,,,,,,,,69847.7,1110914.4,,1380855,1602061.9,,,,83494,197583.8,,,
quebrachitol,,126783.4,,,57574,215855.5,169481,65001,66895.1,75492,,,209296.4,262168.4,,108047.6,,290047.5,405174.6,177280.4,142922.1,89214.6,,,,,,91488,62743,76999
ranitidine,,,,,,,158829.5,,,,,,,,,,,,,,,,,393862.9,,,,,,
ribitol,170352.3,222822.8,107099,215293.6,161422.1,,,43070.3,53967.3,,289439.6,,100744.9,,,82158,166848.5,91939,193283.7,,128050.2,352050.3,131195,155798,405658.7,251796.5,178064.8,220634.3,93686,
ribose,115701.6,394100.3,129229.1,201842.5,168206.8,88820,48518.5,59479,70178.7,26006.2,131209.9,21889,117594.4,101113,99843.5,125450.8,568340.4,168709.1,2004535.3,208399,222459.4,825253.7,234121.5,75593,705088.7,805946.6,280281.5,705998.3,448131.6,62627
ribulose,,38041,5299,27541,25148,,3141,17691,11332,,16985,,13042,15118,,36194,95470,18074,114962,33382,32237.4,181533,43407,36985,119856,129928,23501,66481,57150,22535
S-adenosylhomocysteine (SAH),94835.9,132418.2,102382.5,133605.3,137104.1,7713,7501,83710.6,78924.4,11815.2,150067.3,64732,85774.9,4877.1,18444.9,61349.1,129277.9,98996.9,168201.2,79526.6,116119.2,81202.1,82813.9,36853.8,114171.9,104006,118856.8,152864.4,106862.5,67207.8
S-lactoylglutathione,,,,,,,,13872.9,32845.9,,,,,,,30746.2,31135.7,30341,,,15207.1,64537.8,7162.3,,,9751,,,,2601.2
S-methylcysteine,116392.1,81695.3,77476.7,142866.6,205222.4,37300,,30045,153615.3,,194020,82473.4,118914,,,60927.8,186379.6,94509.1,505012.7,198884.4,173130.8,141810,163345.7,67704.9,293856.3,292977.6,395614.5,263537.6,140822.5,120470.3
S-methylglutathione,,,,,4968.7,,,4041.4,,,8004.3,,,,,,,4517.3,7779.1,,74847.5,4761,6398.9,,14517.2,,,7141.2,,5955.4
scyllo-inositol,2474458.8,3382936.5,2429632,2319262.5,2408468.5,328356.9,474754,4385463.5,1863868,906029,6083468,1239616,1906934.8,362082.6,1059736.3,764199.6,1656692.4,7802912,5945553,2216509.8,17580768,2494372,1026961.9,7461933,14488620,4227915,1542526.9,5057314,2409933,4298638
sebacate (decanedioate),,4515.2,,1367,,,,2356.9,,6793.3,,2463.6,,5311.3,,,,2036.4,,,,6111.4,,,,,,,2249.9,
sedoheptulose-7-phosphate,,18234,3464,6605,13149,,,,14302,,,5917,,,,,111971.1,13077,,23619.1,25559,67457,,8261,,125081.7,24121,42732,,13112.8
serine,15302655,33360680,30348224,36084944,41337108,4819647.5,1354620.6,7881011,15184759,6096167.5,27144298,5750858,13511706,2956546.5,4692138,17523270,41524628,16288727,42760856,28371856,21390362,20019348,32089624,9115212,44846672,28154020,41571268,30223592,32955116,22948506
serylleucine,54360.5,160948.1,55227.6,113699,126895.1,,,24924.3,32682.3,,63118.8,34540.6,20387.6,,,55198.6,61845.1,31359.1,151054,54311.8,18813.8,51688,111419.6,29621.1,356036.8,36143.5,37911.2,30837.6,35125,19000
serylphenyalanine,45774.1,68208.4,38755.9,70730.7,104718.3,,,22100,25514.6,,70857.6,22772.4,34654.3,,10189.2,34525.4,45904.8,25741.2,219155.3,40006,38213.6,46962.3,86590.8,39808.4,137363.5,23023,35774.1,38713.9,42843.9,19903.1
sorbitol,65743,115431.3,48538.3,375890.1,647135.4,,15936,51413,53237,94007,473144.6,49277,165103,,127855.7,94451,182859.8,103196.8,357020.2,338968.1,780502.3,283581.7,68612,153541,84720,178517.2,51124.5,90471,89654.4,
spermidine,96488.3,183304.7,322607.2,111902.9,134117.2,41501.7,57037.4,81838.9,88735.2,35948.6,177294.5,45668.4,86358.6,58623,59367.6,51785.9,239445.4,101228,187448.5,115796.9,275998.4,216796.3,77549.8,120435.7,332837.8,190402.5,236214.4,88144.6,185195.2,77436.8
sphinganine,89519.7,576517.6,,93214,87208.9,55703.7,45083.2,92722.1,67373.2,64512.9,66151.7,248868.8,104306.5,67169.8,120430.7,105580,60929.3,179983,150197.4,92199.7,219603.8,55552.4,1557546.4,207799,58706.3,50648.7,137779.6,110963.3,69270.9,123613
sphingosine,431356,1347916.9,24140.3,319270.1,170585.4,83503.4,,207617.9,150148.8,53612.1,201502.3,992006.1,240125,87150.4,125317.5,345114.9,255517.5,796691.8,507566.7,356408.6,660267.5,143667.5,2469108.3,798338.3,291479.5,245288,655693.9,514335.6,115178.9,236241.5
stachydrine,498520.6,80651.5,266057.3,68503,1081856.8,28863,196605,607783.8,2609584.3,85933.4,1479401,1084138,42501,151484.1,14740.7,20781.9,20701.9,1107391.6,640826.9,81698.5,339844.2,103903.9,138881.7,2267677.3,1374361.9,86194.5,305502.4,355545.8,459756.6,1177027.4
stearate (18:0),15558634,13743962,23264884,13164798,12243198,11699881,8106104.5,9033098,12560312,13948255,12647566,10489442,11719421,10224096,10360688,13911748,12231117,11933470,14008186,12401163,9895893,11438937,12433017,8226713,15288881,17376344,10346243,11966735,12734113,12489713
stearidonate (18:4n3),44146.9,16057.1,23850.1,13031.8,15941.5,65547.6,10376.5,7106.3,18853.2,8139.1,16258.9,10368.8,8238.3,18018.2,13898.4,8664.8,52166.2,12900.8,20204.3,16164.6,4588.4,24343.6,19738.7,27311.6,88429.6,40022.4,12058,16690.7,33829.6,5773.7
stearoyl sphingomyelin,48024,99329,376634.7,35424,193505,240360.2,225047.6,390381,212997.5,950054.8,53301,291952,216314.3,230257,101308,1069587.1,244749.5,341523,48951,460044.5,30822,363735,213584.9,469992,267813.8,279728,100155,79484,316795.3,161909
stearoylcarnitine,384246.7,1971090.1,69355.8,2199864.5,222995.3,58528,45610,739774.4,116205.9,190293.8,4053772.3,552122.5,1570143.9,89165.2,128731.2,649991.1,305456,1584363.6,149267.9,233318.2,858134.5,91732.5,1186529.6,649106.6,103391.3,172441.3,771625.1,467962.8,162033.3,501365.9
succinate,862927.7,488998.8,989508.4,430238.2,532426.1,94887,42995,225154,721024.6,122154,605562.6,228887,311066.7,61674,130355.1,17308,622585.9,215159,249023,524335.2,743278,394606,245789.2,765513.8,1373511.5,175580,468319.1,334267.1,498175.8,271131.6
succinylcarnitine,20136.5,,201350.2,94264.1,82035.3,20659.4,8588.9,127851.8,68259.2,8852.5,48017.7,17078,46430,12509.5,8190,30463.9,85009.5,16113.8,44952.8,71974.8,566006.7,44311.5,32645.2,266596.6,329730.3,35864.4,79193.2,27388.1,60705.9,52675.6
taurine,242866.1,471937.8,175906.1,278719,341419.2,121666.2,105012,383080.9,461743.2,104361.2,586021.4,378044.5,294490.8,62316,134422.1,539168.6,271224.4,429133.6,422370.5,310821.8,539067.6,322414.6,294443.7,119498,97066.8,407298.3,409767.3,349599.3,130654.3,305929.3
tetraethylene glycol,164096.2,189168.9,220193.6,300441.7,277604.8,118640.9,520377.3,240692.8,310634.9,427914.8,304413.7,367936,168996,337321.6,206127.2,289927.8,425294.1,395287.3,197444.9,435982,525631,458807.6,141015.8,328410,482638.1,391471.1,262589.4,365084.7,360882.6,284760.7
theobromine,123371.6,49721.6,61701.9,145371.4,31397.5,98488.1,74933.4,112444.5,,19475.8,33449.8,,212529.2,135354.4,86600.7,,120637,219117.6,80881.5,18847.8,27028.7,,53055.6,41355.3,38541.9,28072.5,10365.8,27816.7,28249.6,27538.1
thiamin diphosphate,,,,,,,,,,,6737.8,,,,,,,,,,,,,,,,,,,
threonate,206824,195720,402136,318270,375212,259653.6,322938.7,172729.6,287589,302626.9,264140,125321,333457.6,385953.6,342224.8,134944,173243,203485,1586850.1,352266,780192,306642,154001,1079427.5,299810,125186,283773,215488,1527763.1,209115
threonine,7402733,12385377,15073732,11732854,15058906,2023341.9,747210.6,3273854,6330780.5,1845836.3,11682202,2517495.3,5497726.5,1142079.5,1612639.8,6113405,19442212,7950265.5,18188734,9145418,10182350,10948348,11538382,5122571.5,19947284,11210194,11684276,9208586,13501139,7092268.5
threonylleucine,36220.1,93544.3,62491.5,77708.1,84414.1,,,,23497.2,,,15972.5,20878.2,,,70042.6,59080.4,33542.2,92610.4,23915.6,15047.1,28533.9,73669.2,43825.4,217644,27652.3,19971.6,33201,37008.5,33078.7
threonylphenylalanine,11687.5,22370.4,40745,40015.1,36940.8,,,,,9914.1,15481.8,,,,,20322.5,15774.8,94969.5,124751.2,,,,26643,25512.9,60485.3,,,18543,8160.8,
thymidine 5'-monophosphate,3135.9,,,,4421.3,,,,,,7495.3,3728.8,,,,,12050.7,6575,2575.2,,8581.3,5360.1,,17730.1,16006.9,,8424.5,,9165.3,
thymine,10503.8,5315,30596.9,,,33514,14139,40884.8,,,98350.3,23048,9696,,,14380.7,83659,,48360.7,,28332,25308,46999,68749.2,155525.3,96776.2,33777.1,12905,91444.3,
tiglylcarnitine (C5:1-DC),89652.4,,114951.5,47072.4,56401.1,,,22002.3,23894.2,9381.8,50536.9,36584.3,16237,10869.6,,32815,62681.4,53817.2,32767.6,20474.1,36115.2,9628.2,84848.6,38843.4,24838,37753.5,62480.8,12087.4,33403.6,50412.2
triethyleneglycol,142271.1,238829.1,277038.3,282086.7,375650.9,134649.4,524849.1,258855.1,353476.4,404583.8,397969,309324.1,173935.5,351049.8,224168.7,270286.8,572399.4,378120.9,221084.6,433216.8,656103.4,515366.1,187888.6,342306.2,473107,472982.4,299644.4,474038.1,400672.7,335039.8
tryptophan,3089056.3,4082988,3962135.3,2926778.5,4448307,1453891.5,1753968.9,1517976.6,2379530,1156633.3,2781656.3,1126149.8,2244668.3,2774854.5,1417696.1,1710594.1,2961391.8,2145369,4951256,2276393.8,2111120.5,1962213.9,3707716.5,1596115.1,6189776,1793466,2182677.5,2496086.3,2725551,2579434.3
tryptophan betaine ,469655.1,463107.4,,432023,330865.1,140740.9,84394.7,168326.8,717366.1,11649.9,945919.1,91507.1,45836.3,381363.6,137839.8,287248.5,288706.2,87523.6,316062.3,275034.6,291034,55388.6,144286.2,122614.5,250037.5,22721.1,330920,79507.1,354728.1,77586.9
tyrosine,3797358,4808812,4995902,3791804.8,5843710,1895933.8,931741.8,2164092.5,2816705,1534516.5,3892558,1719227.1,3052923.5,1552855.5,1444000.9,2590811,4828237,3001831.8,5763967.5,3989619.5,2318103.5,2951485.5,5717755.5,2547910.8,7430719.5,3821362.8,3958603,4517677,4017436.5,4178276.5
UDP-glucose (isobar with UDP-galactose),38922,11342.3,78496.4,58906.8,112767.2,5218.3,2387.4,52274.4,7342.3,,149651.2,79377.6,11756.7,,,22934.4,71456.3,96681.5,109464.5,77416,180548.7,148308.9,19943,201451.8,136305.4,,79080.4,15158,82313,5461.1
UDP-glucuronate,41878.7,25484.9,296980.1,72400.5,61954.9,,,9746.6,9906.8,,459089.1,13272.5,3992.2,,,10731.9,90557.3,95858.3,101991.8,44262.2,264374.8,94480.9,25078.3,79179.4,97447,15683.9,52598.6,16600.8,75237.9,4949.7
undecanedioate,,6777,2698.9,2469.2,,2363.8,1352.9,1736,2518.3,3070.4,,1995.1,2263.2,3211.1,3404.7,3552.1,1837.6,2814.3,2589.1,2311.9,,1965.7,2382,2875.1,2623.6,3935.7,,,3127.2,2285.4
uracil,1721570.5,2433929.3,7447204.5,2502700,2004076.6,180633.4,116083.8,410860.6,1234633.4,162075.9,7421539,420821.4,927634.3,173344.9,182434.3,861468.7,3709098.8,1410659.5,3344275,1272461.8,2381552,2832654,4183575.8,2430310,5034058,8059156,2782714.8,2808484.5,2665999,1088243.4
urate,276890,245598.1,118876.7,287479.2,270801.8,260421.5,279643.2,216424.2,261001.3,309372.1,170850.4,366804.4,406620.4,385211.6,336051.2,130156.1,277577,153423.3,183972.5,388516.2,89962,126898.1,165495.2,244038.8,129039.5,197825.5,204489.6,234272.1,190307.6,227248.2
urea,4056912.8,3233969.8,5602568.5,3416628.3,2207874,1218626.1,1382156.1,1568722.3,4684829,1511045.1,7069524,1587347.4,9661885,3559783.8,2226167.3,2403971.5,6059689,2890524,7515524,9114546,4749058.5,2626004.3,3746324.3,7130854.5,6864543.5,6246646,7354543.5,1592983.3,3830527.5,1971228.8
uridine,434966.6,567269.2,813616.5,559671.7,520699.6,237459.1,183246.8,472569.9,356103,300258.6,802218.6,271770,448425.7,209826.2,263556.7,705440.5,724194.3,503525.8,625219.3,579922.3,530901.2,481555.9,491648.9,418488.6,1119798,1041646.9,407682.5,405798.3,763675.2,624395.6
uridine 5'-triphosphate (UTP),,,,9501.8,14416.8,,,,,,23194.4,,,,,,,31947.4,,,37375.3,9981.2,,84492.8,8188.3,,5396.8,,12359.6,
uridine monophosphate (5' or 3'),181768.2,33559.6,6686.7,131489.1,179654.4,,5885.8,94722.8,56010.8,,217188.9,123589.3,31586.1,,7978.8,56346.6,182096.2,150628.4,279929.5,170572.4,228069.7,284062.8,106185,433659,524956.1,21290.3,227530.3,116980,104420,8895.8
valerate,,,,,,,,3592.7,,,1372.5,3915.4,,,10185.6,6652,,,,,,,,,,,,,,3182.7
valerylcarnitine,205449.2,26212.2,75754.4,36091.3,67313,,,22052.1,24033.6,,76455.2,36997.4,9633.7,,,31501,96386.9,34293.4,63868.2,28928.6,39612.1,11897.9,27192.3,,81847.7,34668.1,104377.6,29726.4,65465.4,15025.3
valine,5469694,7046207,6670903.5,5177712.5,5702562,2501116.5,1646496,2730680.3,3974303.8,2055090,6587789,2408176.5,4982306.5,3236937.8,2366165,3397621.5,6720243,3387162.5,7094334,4646247,3540076.8,3920379,6949912.5,3846229,9025198,5662722.5,5279588,5456361,5608259,4461599
valylasparagine,7688.1,11058.1,,7993.3,13004.5,,,3946.8,2686.9,,14378.9,,,,,4675.6,10065.7,3678.1,7314.2,3501.1,3131.8,9879.2,14449.2,5517.1,23460,7875,4758.4,4182.2,4158.8,
valylglycine,12237.5,31380.5,7555,18314.9,22255.3,,,6314.5,4158.7,,20004.1,3456.7,,,,16990.9,22842.6,6464.3,37639.7,7194.5,8119.8,12439.4,28966.7,9582.5,50381.9,14732.4,15037.2,13103.7,11748.1,4069.6
valylphenylalanine,7215.1,9954.9,,9663.6,14391,,,,,,7180,,,,,9159.7,4107.9,,11329.7,,,3380.7,10107.2,,37743,2713.6,3286.1,3441.6,,
valylserine,12449.7,30178.9,,19492.8,26659.3,,,6036.1,7872.7,,16587.4,3098.1,5226.1,,,11000.9,12174.1,8261.8,20198.8,6282.3,4906.6,7218.3,19245,6815.3,35306.9,8014.6,11940.1,11985.8,6081.4,
valylvaline,7061,9903.6,,8990.5,13676,,,1480.8,,,11047.8,1441.2,3490.7,,,6975.4,6518.1,5286.7,20960.2,3056.8,3658.5,4297.9,8813.3,3284,23131.8,8597.5,7433.8,5339.3,6739.6,
VGAHAGEYGAEALER*,,3747.4,,,81313.2,3614.5,,5895.6,,,,,2419.2,,,2366.3,,,15046.6,3373.1,,,4515.8,,,,2717.8,,10135.6,
xanthine,44442.6,142856.7,56427.9,43144.6,103961.5,73509.5,16945.4,10169.9,37199.3,58135.7,283582.8,13779.6,54465.9,75336.9,73937.1,16824,168755.3,29812,23198.4,51018.4,28973.1,27046.3,68052.8,62866,127349.9,20348.8,12254.6,27892.7,22678.7,35198.4
xanthosine,4405.7,8049.7,119973.5,6285.7,8865.2,4111.6,,,,5057.1,8008.5,,12847.3,1924.4,8782,8308.1,5327.2,14017,4884.5,7273.3,9715.9,,7937.6,3902.9,14796.7,6614,4315.4,,23439.6,17507.1
xylitol,56289,124106.8,46211.6,86607.4,112665.5,9203,14693,33191.3,33452,23484,80575.8,24483,31550.5,,,73196.2,63736.3,70707.7,431002.8,,174994.3,104226,70839.3,33506.4,103195.9,61086.3,101714.5,65375.3,67567.1,26185
xylulose,,11541.9,7924,6300,13507.2,,10404,,6283.2,,,,10563,8733.8,3028,,63596,11157,12198,39649,20818,132435.5,7394,,25378,83997.1,28167,61146.6,33336.5,18623